{"type": "FeatureCollection", "features": [{"type": "Feature", "properties": {"comune": "Alghero", "provincia": "Sassari", "istat": "112001"}, "geometry": {"type": "MultiPolygon", "coordinates": [[[[8.337, 40.5], [8.337, 40.499], [8.336, 40.5], [8.337, 40.5]]], [[[8.151, 40.572], [8.152, 40.57], [8.15, 40.569], [8.151, 40.572]]], [[[8.3, 40.572], [8.299, 40.572], [8.3, 40.573], [8.3, 40.572]]], [[[8.14, 40.605], [8.14, 40.602], [8.138, 40.603], [8.14, 40.605]]], [[[8.346, 40.671], [8.34, 40.65], [8.361, 40.631], [8.358, 40.622], [8.415, 40.625], [8.393, 40.602], [8.42, 40.559], [8.42, 40.53], [8.373, 40.512], [8.368, 40.496], [8.338, 40.5], [8.309, 40.561], [8.317, 40.572], [8.294, 40.593], [8.247, 40.582], [8.244, 40.57], [8.203, 40.569], [8.198, 40.576], [8.219, 40.602], [8.194, 40.618], [8.172, 40.582], [8.163, 40.581], [8.164, 40.56], [8.158, 40.566], [8.143, 40.623], [8.187, 40.639], [8.199, 40.673], [8.228, 40.665], [8.296, 40.672], [8.312, 40.659], [8.346, 40.671]]]]}}, {"type": "Feature", "properties": {"comune": "Anela", "provincia": "Sassari", "istat": "112002"}, "geometry": {"type": "Polygon", "coordinates": [[[8.997, 40.494], [9.02, 40.483], [9.04, 40.454], [9.063, 40.454], [9.104, 40.428], [9.081, 40.417], [9.019, 40.436], [8.965, 40.49], [8.997, 40.494]]]}}, {"type": "Feature", "properties": {"comune": "Ardara", "provincia": "Sassari", "istat": "112003"}, "geometry": {"type": "Polygon", "coordinates": [[[8.85, 40.661], [8.839, 40.643], [8.891, 40.619], [8.796, 40.597], [8.776, 40.618], [8.773, 40.633], [8.803, 40.658], [8.85, 40.661]]]}}, {"type": "Feature", "properties": {"comune": "Banari", "provincia": "Sassari", "istat": "112004"}, "geometry": {"type": "Polygon", "coordinates": [[[8.715, 40.564], [8.669, 40.561], [8.627, 40.583], [8.668, 40.603], [8.694, 40.598], [8.715, 40.564]]]}}, {"type": "Feature", "properties": {"comune": "Benetutti", "provincia": "Sassari", "istat": "112005"}, "geometry": {"type": "Polygon", "coordinates": [[[9.248, 40.462], [9.225, 40.411], [9.187, 40.389], [9.183, 40.371], [9.149, 40.366], [9.119, 40.385], [9.102, 40.411], [9.12, 40.424], [9.124, 40.468], [9.152, 40.514], [9.171, 40.492], [9.192, 40.436], [9.209, 40.455], [9.248, 40.462]]]}}, {"type": "Feature", "properties": {"comune": "Bessude", "provincia": "Sassari", "istat": "112006"}, "geometry": {"type": "Polygon", "coordinates": [[[8.669, 40.561], [8.741, 40.562], [8.75, 40.539], [8.71, 40.547], [8.648, 40.543], [8.63, 40.533], [8.62, 40.547], [8.624, 40.566], [8.641, 40.574], [8.669, 40.561]]]}}, {"type": "Feature", "properties": {"comune": "Bonnanaro", "provincia": "Sassari", "istat": "112007"}, "geometry": {"type": "Polygon", "coordinates": [[[8.78, 40.57], [8.796, 40.559], [8.815, 40.521], [8.789, 40.518], [8.754, 40.529], [8.751, 40.569], [8.78, 40.57]]]}}, {"type": "Feature", "properties": {"comune": "Bono", "provincia": "Sassari", "istat": "112008"}, "geometry": {"type": "Polygon", "coordinates": [[[8.965, 40.49], [9.019, 40.436], [9.07, 40.419], [9.096, 40.42], [9.119, 40.385], [9.149, 40.366], [9.103, 40.349], [9.062, 40.383], [8.949, 40.443], [8.939, 40.479], [8.965, 40.49]]]}}, {"type": "Feature", "properties": {"comune": "Bonorva", "provincia": "Sassari", "istat": "112009"}, "geometry": {"type": "Polygon", "coordinates": [[[8.957, 40.489], [8.94, 40.482], [8.939, 40.462], [8.908, 40.409], [8.865, 40.39], [8.856, 40.392], [8.854, 40.408], [8.827, 40.413], [8.816, 40.402], [8.813, 40.365], [8.782, 40.35], [8.758, 40.35], [8.743, 40.403], [8.725, 40.413], [8.737, 40.426], [8.768, 40.433], [8.797, 40.452], [8.827, 40.485], [8.957, 40.489]]]}}, {"type": "Feature", "properties": {"comune": "Borutta", "provincia": "Sassari", "istat": "112010"}, "geometry": {"type": "Polygon", "coordinates": [[[8.74, 40.541], [8.758, 40.526], [8.741, 40.506], [8.731, 40.514], [8.74, 40.541]]]}}, {"type": "Feature", "properties": {"comune": "Bottidda", "provincia": "Sassari", "istat": "112011"}, "geometry": {"type": "Polygon", "coordinates": [[[9.103, 40.349], [9.083, 40.341], [9.045, 40.357], [9.047, 40.37], [9.039, 40.378], [9.004, 40.388], [8.986, 40.411], [8.936, 40.436], [8.924, 40.422], [8.935, 40.468], [8.948, 40.444], [9.062, 40.383], [9.103, 40.349]]]}}, {"type": "Feature", "properties": {"comune": "Bultei", "provincia": "Sassari", "istat": "112012"}, "geometry": {"type": "Polygon", "coordinates": [[[9.052, 40.537], [9.136, 40.526], [9.155, 40.535], [9.138, 40.481], [9.124, 40.468], [9.12, 40.424], [9.102, 40.411], [9.096, 40.42], [9.104, 40.428], [9.063, 40.454], [9.04, 40.454], [9.02, 40.483], [8.997, 40.494], [9.052, 40.537]]]}}, {"type": "Feature", "properties": {"comune": "Bulzi", "provincia": "Sassari", "istat": "112013"}, "geometry": {"type": "Polygon", "coordinates": [[[8.886, 40.858], [8.863, 40.825], [8.84, 40.832], [8.815, 40.864], [8.865, 40.88], [8.886, 40.858]]]}}, {"type": "Feature", "properties": {"comune": "Burgos", "provincia": "Sassari", "istat": "112014"}, "geometry": {"type": "Polygon", "coordinates": [[[9.046, 40.364], [8.993, 40.386], [8.966, 40.387], [8.975, 40.397], [8.923, 40.421], [8.936, 40.436], [8.986, 40.411], [9.004, 40.388], [9.039, 40.378], [9.046, 40.364]]]}}, {"type": "Feature", "properties": {"comune": "Cargeghe", "provincia": "Sassari", "istat": "112015"}, "geometry": {"type": "Polygon", "coordinates": [[[8.652, 40.671], [8.628, 40.653], [8.609, 40.669], [8.651, 40.699], [8.676, 40.703], [8.649, 40.68], [8.652, 40.671]]]}}, {"type": "Feature", "properties": {"comune": "Castelsardo", "provincia": "Sassari", "istat": "112016"}, "geometry": {"type": "MultiPolygon", "coordinates": [[[[8.772, 40.917], [8.781, 40.908], [8.772, 40.893], [8.801, 40.895], [8.766, 40.874], [8.712, 40.884], [8.666, 40.866], [8.631, 40.878], [8.711, 40.918], [8.772, 40.917]]], [[[8.71, 40.919], [8.711, 40.919], [8.71, 40.919], [8.71, 40.919]]]]}}, {"type": "Feature", "properties": {"comune": "Cheremule", "provincia": "Sassari", "istat": "112017"}, "geometry": {"type": "MultiPolygon", "coordinates": [[[[8.656, 40.496], [8.621, 40.483], [8.62, 40.487], [8.625, 40.499], [8.664, 40.51], [8.656, 40.496]]], [[[8.716, 40.514], [8.754, 40.496], [8.748, 40.473], [8.668, 40.481], [8.708, 40.498], [8.716, 40.514]]]]}}, {"type": "Feature", "properties": {"comune": "Chiaramonti", "provincia": "Sassari", "istat": "112018"}, "geometry": {"type": "Polygon", "coordinates": [[[8.902, 40.795], [8.895, 40.777], [8.923, 40.727], [8.856, 40.701], [8.855, 40.661], [8.831, 40.664], [8.814, 40.685], [8.817, 40.704], [8.784, 40.709], [8.778, 40.726], [8.765, 40.732], [8.791, 40.765], [8.842, 40.77], [8.886, 40.797], [8.902, 40.795]]]}}, {"type": "Feature", "properties": {"comune": "Codrongianos", "provincia": "Sassari", "istat": "112019"}, "geometry": {"type": "Polygon", "coordinates": [[[8.676, 40.703], [8.717, 40.698], [8.703, 40.677], [8.716, 40.656], [8.715, 40.613], [8.649, 40.679], [8.676, 40.703]]]}}, {"type": "Feature", "properties": {"comune": "Cossoine", "provincia": "Sassari", "istat": "112020"}, "geometry": {"type": "Polygon", "coordinates": [[[8.737, 40.426], [8.692, 40.402], [8.663, 40.438], [8.658, 40.465], [8.602, 40.442], [8.593, 40.453], [8.622, 40.483], [8.653, 40.466], [8.71, 40.457], [8.732, 40.442], [8.737, 40.426]]]}}, {"type": "Feature", "properties": {"comune": "Erula", "provincia": "Sassari", "istat": "112021"}, "geometry": {"type": "Polygon", "coordinates": [[[8.988, 40.809], [8.992, 40.798], [8.981, 40.795], [8.95, 40.749], [8.902, 40.758], [8.893, 40.782], [8.914, 40.807], [8.952, 40.816], [8.988, 40.809]]]}}, {"type": "Feature", "properties": {"comune": "Esporlatu", "provincia": "Sassari", "istat": "112022"}, "geometry": {"type": "Polygon", "coordinates": [[[9.046, 40.364], [9.045, 40.357], [9.029, 40.357], [9.015, 40.367], [8.952, 40.373], [8.942, 40.378], [8.941, 40.413], [8.975, 40.397], [8.966, 40.387], [8.993, 40.386], [9.046, 40.364]]]}}, {"type": "Feature", "properties": {"comune": "Florinas", "provincia": "Sassari", "istat": "112023"}, "geometry": {"type": "Polygon", "coordinates": [[[8.707, 40.615], [8.636, 40.587], [8.605, 40.6], [8.618, 40.613], [8.628, 40.605], [8.642, 40.61], [8.628, 40.653], [8.652, 40.671], [8.707, 40.615]]]}}, {"type": "Feature", "properties": {"comune": "Giave", "provincia": "Sassari", "istat": "112024"}, "geometry": {"type": "Polygon", "coordinates": [[[8.665, 40.499], [8.674, 40.478], [8.721, 40.47], [8.774, 40.481], [8.808, 40.464], [8.768, 40.433], [8.737, 40.426], [8.732, 40.442], [8.71, 40.457], [8.653, 40.466], [8.622, 40.483], [8.636, 40.495], [8.665, 40.499]]]}}, {"type": "Feature", "properties": {"comune": "Illorai", "provincia": "Sassari", "istat": "112025"}, "geometry": {"type": "Polygon", "coordinates": [[[8.923, 40.426], [8.945, 40.41], [8.942, 40.378], [8.952, 40.373], [9.015, 40.367], [9.083, 40.341], [9.042, 40.327], [9.027, 40.297], [8.948, 40.369], [8.9, 40.389], [8.898, 40.406], [8.923, 40.426]]]}}, {"type": "Feature", "properties": {"comune": "Ittireddu", "provincia": "Sassari", "istat": "112026"}, "geometry": {"type": "Polygon", "coordinates": [[[8.939, 40.551], [8.916, 40.492], [8.9, 40.493], [8.893, 40.518], [8.877, 40.528], [8.883, 40.561], [8.916, 40.562], [8.912, 40.546], [8.939, 40.551]]]}}, {"type": "Feature", "properties": {"comune": "Ittiri", "provincia": "Sassari", "istat": "112027"}, "geometry": {"type": "Polygon", "coordinates": [[[8.567, 40.642], [8.618, 40.615], [8.605, 40.6], [8.636, 40.587], [8.627, 40.583], [8.641, 40.574], [8.624, 40.566], [8.619, 40.546], [8.574, 40.528], [8.523, 40.555], [8.48, 40.533], [8.497, 40.567], [8.486, 40.593], [8.517, 40.644], [8.567, 40.642]]]}}, {"type": "Feature", "properties": {"comune": "Laerru", "provincia": "Sassari", "istat": "112028"}, "geometry": {"type": "Polygon", "coordinates": [[[8.863, 40.825], [8.88, 40.802], [8.859, 40.791], [8.807, 40.804], [8.808, 40.828], [8.863, 40.825]]]}}, {"type": "Feature", "properties": {"comune": "Mara", "provincia": "Sassari", "istat": "112029"}, "geometry": {"type": "Polygon", "coordinates": [[[8.663, 40.438], [8.643, 40.422], [8.637, 40.405], [8.601, 40.437], [8.653, 40.465], [8.663, 40.438]]]}}, {"type": "Feature", "properties": {"comune": "Martis", "provincia": "Sassari", "istat": "112030"}, "geometry": {"type": "Polygon", "coordinates": [[[8.88, 40.802], [8.886, 40.797], [8.875, 40.784], [8.834, 40.768], [8.802, 40.763], [8.782, 40.777], [8.807, 40.804], [8.859, 40.791], [8.88, 40.802]]]}}, {"type": "Feature", "properties": {"comune": "Monteleone Rocca Doria", "provincia": "Sassari", "istat": "112031"}, "geometry": {"type": "Polygon", "coordinates": [[[8.589, 40.447], [8.569, 40.445], [8.536, 40.465], [8.528, 40.48], [8.543, 40.502], [8.589, 40.447]]]}}, {"type": "Feature", "properties": {"comune": "Mores", "provincia": "Sassari", "istat": "112032"}, "geometry": {"type": "Polygon", "coordinates": [[[8.888, 40.565], [8.878, 40.553], [8.877, 40.528], [8.893, 40.518], [8.9, 40.493], [8.865, 40.488], [8.822, 40.51], [8.78, 40.576], [8.793, 40.599], [8.889, 40.618], [8.904, 40.604], [8.881, 40.583], [8.888, 40.565]]]}}, {"type": "Feature", "properties": {"comune": "Muros", "provincia": "Sassari", "istat": "112033"}, "geometry": {"type": "Polygon", "coordinates": [[[8.611, 40.715], [8.62, 40.706], [8.651, 40.699], [8.612, 40.675], [8.59, 40.7], [8.611, 40.715]]]}}, {"type": "Feature", "properties": {"comune": "Nughedu San Nicolò", "provincia": "Sassari", "istat": "112034"}, "geometry": {"type": "Polygon", "coordinates": [[[9.065, 40.536], [9.052, 40.537], [8.986, 40.489], [8.919, 40.485], [8.9, 40.492], [8.916, 40.492], [8.929, 40.542], [8.961, 40.538], [9.014, 40.569], [9.044, 40.574], [9.055, 40.552], [9.049, 40.545], [9.065, 40.536]]]}}, {"type": "Feature", "properties": {"comune": "Nule", "provincia": "Sassari", "istat": "112035"}, "geometry": {"type": "Polygon", "coordinates": [[[9.279, 40.511], [9.284, 40.477], [9.21, 40.456], [9.192, 40.436], [9.158, 40.506], [9.191, 40.524], [9.182, 40.509], [9.223, 40.503], [9.279, 40.511]]]}}, {"type": "Feature", "properties": {"comune": "Nulvi", "provincia": "Sassari", "istat": "112036"}, "geometry": {"type": "Polygon", "coordinates": [[[8.748, 40.854], [8.806, 40.82], [8.807, 40.804], [8.782, 40.782], [8.79, 40.762], [8.759, 40.729], [8.751, 40.751], [8.725, 40.757], [8.711, 40.82], [8.748, 40.854]]]}}, {"type": "Feature", "properties": {"comune": "Olmedo", "provincia": "Sassari", "istat": "112037"}, "geometry": {"type": "Polygon", "coordinates": [[[8.426, 40.652], [8.415, 40.625], [8.362, 40.621], [8.34, 40.65], [8.346, 40.671], [8.369, 40.672], [8.38, 40.683], [8.407, 40.674], [8.426, 40.652]]]}}, {"type": "Feature", "properties": {"comune": "Osilo", "provincia": "Sassari", "istat": "112038"}, "geometry": {"type": "Polygon", "coordinates": [[[8.711, 40.82], [8.725, 40.757], [8.751, 40.751], [8.751, 40.74], [8.727, 40.722], [8.683, 40.722], [8.699, 40.701], [8.651, 40.699], [8.611, 40.711], [8.643, 40.723], [8.628, 40.761], [8.609, 40.756], [8.616, 40.76], [8.612, 40.773], [8.636, 40.8], [8.658, 40.805], [8.667, 40.836], [8.711, 40.82]]]}}, {"type": "Feature", "properties": {"comune": "Ossi", "provincia": "Sassari", "istat": "112039"}, "geometry": {"type": "Polygon", "coordinates": [[[8.612, 40.675], [8.611, 40.663], [8.634, 40.645], [8.643, 40.614], [8.636, 40.606], [8.592, 40.627], [8.599, 40.644], [8.574, 40.666], [8.574, 40.679], [8.552, 40.691], [8.589, 40.701], [8.612, 40.675]]]}}, {"type": "Feature", "properties": {"comune": "Ozieri", "provincia": "Sassari", "istat": "112040"}, "geometry": {"type": "Polygon", "coordinates": [[[8.95, 40.749], [8.959, 40.687], [8.982, 40.684], [9.006, 40.7], [9.012, 40.68], [9.055, 40.673], [9.057, 40.6], [9.052, 40.57], [9.014, 40.569], [8.947, 40.536], [8.929, 40.542], [8.939, 40.551], [8.912, 40.546], [8.916, 40.562], [8.883, 40.57], [8.881, 40.583], [8.904, 40.602], [8.901, 40.614], [8.838, 40.645], [8.856, 40.665], [8.856, 40.701], [8.921, 40.724], [8.909, 40.754], [8.95, 40.749]]]}}, {"type": "Feature", "properties": {"comune": "Padria", "provincia": "Sassari", "istat": "112041"}, "geometry": {"type": "Polygon", "coordinates": [[[8.589, 40.447], [8.637, 40.405], [8.64, 40.378], [8.573, 40.363], [8.549, 40.386], [8.551, 40.396], [8.526, 40.402], [8.541, 40.417], [8.577, 40.414], [8.568, 40.445], [8.589, 40.447]]]}}, {"type": "Feature", "properties": {"comune": "Pattada", "provincia": "Sassari", "istat": "112042"}, "geometry": {"type": "Polygon", "coordinates": [[[9.175, 40.662], [9.181, 40.637], [9.195, 40.626], [9.185, 40.546], [9.191, 40.524], [9.159, 40.511], [9.151, 40.516], [9.154, 40.535], [9.136, 40.526], [9.073, 40.529], [9.049, 40.545], [9.055, 40.673], [9.076, 40.657], [9.12, 40.646], [9.134, 40.658], [9.175, 40.662]]]}}, {"type": "Feature", "properties": {"comune": "Perfugas", "provincia": "Sassari", "istat": "112043"}, "geometry": {"type": "Polygon", "coordinates": [[[8.996, 40.839], [9.003, 40.823], [8.986, 40.808], [8.926, 40.812], [8.909, 40.795], [8.886, 40.797], [8.861, 40.83], [8.896, 40.872], [8.905, 40.856], [8.927, 40.851], [8.95, 40.866], [8.972, 40.863], [8.993, 40.843], [9.009, 40.846], [8.996, 40.839]]]}}, {"type": "Feature", "properties": {"comune": "Ploaghe", "provincia": "Sassari", "istat": "112044"}, "geometry": {"type": "Polygon", "coordinates": [[[8.756, 40.729], [8.778, 40.726], [8.784, 40.709], [8.817, 40.704], [8.814, 40.685], [8.832, 40.667], [8.803, 40.658], [8.727, 40.607], [8.715, 40.613], [8.716, 40.656], [8.703, 40.677], [8.717, 40.698], [8.683, 40.722], [8.727, 40.722], [8.751, 40.74], [8.756, 40.729]]]}}, {"type": "Feature", "properties": {"comune": "Porto Torres", "provincia": "Sassari", "istat": "112045"}, "geometry": {"type": "MultiPolygon", "coordinates": [[[[8.459, 40.82], [8.45, 40.801], [8.422, 40.797], [8.401, 40.808], [8.354, 40.813], [8.326, 40.782], [8.315, 40.785], [8.296, 40.821], [8.313, 40.846], [8.343, 40.841], [8.35, 40.85], [8.363, 40.853], [8.385, 40.851], [8.352, 40.851], [8.348, 40.841], [8.418, 40.84], [8.459, 40.82]]], [[[8.226, 40.967], [8.225, 40.967], [8.224, 40.968], [8.226, 40.967]]], [[[8.212, 40.972], [8.212, 40.971], [8.212, 40.972], [8.212, 40.972]]], [[[8.215, 40.982], [8.224, 40.978], [8.225, 40.97], [8.214, 40.969], [8.215, 40.982]]], [[[8.213, 40.986], [8.214, 40.985], [8.213, 40.986], [8.213, 40.986]]], [[[8.212, 40.986], [8.211, 40.986], [8.211, 40.986], [8.212, 40.986]]], [[[8.251, 41.028], [8.253, 41.028], [8.252, 41.027], [8.251, 41.028]]], [[[8.319, 41.121], [8.323, 41.106], [8.348, 41.09], [8.335, 41.079], [8.339, 41.061], [8.326, 41.054], [8.281, 41.065], [8.235, 41.024], [8.248, 41.027], [8.264, 41.001], [8.258, 40.989], [8.21, 40.988], [8.218, 40.993], [8.211, 41.004], [8.23, 41.023], [8.22, 41.029], [8.22, 41.041], [8.245, 41.047], [8.265, 41.072], [8.284, 41.075], [8.276, 41.105], [8.305, 41.106], [8.319, 41.121]]]]}}, {"type": "Feature", "properties": {"comune": "Pozzomaggiore", "provincia": "Sassari", "istat": "112046"}, "geometry": {"type": "Polygon", "coordinates": [[[8.692, 40.402], [8.676, 40.368], [8.699, 40.331], [8.645, 40.297], [8.619, 40.323], [8.592, 40.334], [8.587, 40.354], [8.571, 40.364], [8.64, 40.378], [8.643, 40.422], [8.663, 40.438], [8.692, 40.402]]]}}, {"type": "Feature", "properties": {"comune": "Putifigari", "provincia": "Sassari", "istat": "112047"}, "geometry": {"type": "Polygon", "coordinates": [[[8.485, 40.583], [8.497, 40.567], [8.48, 40.533], [8.444, 40.524], [8.43, 40.534], [8.418, 40.531], [8.42, 40.559], [8.393, 40.602], [8.4, 40.616], [8.437, 40.617], [8.435, 40.596], [8.485, 40.583]]]}}, {"type": "Feature", "properties": {"comune": "Romana", "provincia": "Sassari", "istat": "112048"}, "geometry": {"type": "Polygon", "coordinates": [[[8.613, 40.475], [8.589, 40.447], [8.543, 40.502], [8.573, 40.525], [8.582, 40.5], [8.613, 40.475]]]}}, {"type": "Feature", "properties": {"comune": "Santa Maria Coghinas", "provincia": "Sassari", "istat": "112049"}, "geometry": {"type": "Polygon", "coordinates": [[[8.871, 40.921], [8.869, 40.914], [8.901, 40.899], [8.895, 40.888], [8.903, 40.878], [8.886, 40.858], [8.867, 40.879], [8.848, 40.876], [8.831, 40.895], [8.844, 40.916], [8.854, 40.914], [8.856, 40.931], [8.871, 40.921]]]}}, {"type": "Feature", "properties": {"comune": "Sassari", "provincia": "Sassari", "istat": "112050"}, "geometry": {"type": "MultiPolygon", "coordinates": [[[[8.188, 40.825], [8.187, 40.826], [8.187, 40.826], [8.188, 40.825]]], [[[8.263, 40.869], [8.313, 40.846], [8.296, 40.821], [8.318, 40.783], [8.327, 40.782], [8.354, 40.813], [8.401, 40.808], [8.422, 40.797], [8.45, 40.801], [8.467, 40.82], [8.508, 40.806], [8.525, 40.78], [8.564, 40.776], [8.598, 40.757], [8.628, 40.761], [8.643, 40.723], [8.639, 40.716], [8.605, 40.716], [8.592, 40.701], [8.552, 40.691], [8.467, 40.691], [8.429, 40.652], [8.407, 40.674], [8.38, 40.683], [8.369, 40.672], [8.312, 40.659], [8.296, 40.672], [8.228, 40.665], [8.199, 40.673], [8.203, 40.688], [8.175, 40.695], [8.169, 40.709], [8.133, 40.731], [8.166, 40.767], [8.161, 40.791], [8.184, 40.812], [8.207, 40.85], [8.218, 40.849], [8.216, 40.825], [8.236, 40.816], [8.277, 40.85], [8.263, 40.869]]]]}}, {"type": "Feature", "properties": {"comune": "Sedini", "provincia": "Sassari", "istat": "112051"}, "geometry": {"type": "Polygon", "coordinates": [[[8.84, 40.907], [8.831, 40.895], [8.848, 40.876], [8.815, 40.864], [8.839, 40.831], [8.808, 40.828], [8.806, 40.82], [8.748, 40.853], [8.758, 40.87], [8.792, 40.884], [8.818, 40.909], [8.84, 40.907]]]}}, {"type": "Feature", "properties": {"comune": "Semestene", "provincia": "Sassari", "istat": "112052"}, "geometry": {"type": "Polygon", "coordinates": [[[8.725, 40.414], [8.743, 40.403], [8.759, 40.351], [8.737, 40.353], [8.699, 40.331], [8.676, 40.368], [8.678, 40.378], [8.686, 40.38], [8.692, 40.402], [8.725, 40.414]]]}}, {"type": "Feature", "properties": {"comune": "Sennori", "provincia": "Sassari", "istat": "112053"}, "geometry": {"type": "Polygon", "coordinates": [[[8.667, 40.836], [8.658, 40.805], [8.636, 40.8], [8.612, 40.773], [8.614, 40.758], [8.58, 40.768], [8.578, 40.78], [8.609, 40.816], [8.634, 40.824], [8.661, 40.849], [8.667, 40.836]]]}}, {"type": "Feature", "properties": {"comune": "Siligo", "provincia": "Sassari", "istat": "112054"}, "geometry": {"type": "Polygon", "coordinates": [[[8.772, 40.63], [8.791, 40.595], [8.78, 40.57], [8.751, 40.569], [8.746, 40.558], [8.715, 40.564], [8.694, 40.598], [8.668, 40.603], [8.7, 40.615], [8.727, 40.607], [8.772, 40.63]]]}}, {"type": "Feature", "properties": {"comune": "Sorso", "provincia": "Sassari", "istat": "112055"}, "geometry": {"type": "Polygon", "coordinates": [[[8.666, 40.866], [8.636, 40.826], [8.59, 40.798], [8.58, 40.771], [8.525, 40.78], [8.508, 40.806], [8.465, 40.816], [8.577, 40.837], [8.621, 40.861], [8.631, 40.878], [8.666, 40.866]]]}}, {"type": "Feature", "properties": {"comune": "Stintino", "provincia": "Sassari", "istat": "112056"}, "geometry": {"type": "MultiPolygon", "coordinates": [[[[8.215, 40.881], [8.212, 40.88], [8.214, 40.882], [8.215, 40.881]]], [[[8.174, 40.94], [8.174, 40.939], [8.174, 40.939], [8.174, 40.94]]], [[[8.206, 40.971], [8.207, 40.97], [8.206, 40.971], [8.206, 40.971]]], [[[8.277, 40.868], [8.263, 40.869], [8.277, 40.85], [8.257, 40.827], [8.234, 40.816], [8.216, 40.825], [8.218, 40.849], [8.207, 40.85], [8.222, 40.892], [8.176, 40.935], [8.202, 40.973], [8.236, 40.949], [8.228, 40.939], [8.233, 40.911], [8.277, 40.868]]]]}}, {"type": "Feature", "properties": {"comune": "Tergu", "provincia": "Sassari", "istat": "112057"}, "geometry": {"type": "Polygon", "coordinates": [[[8.766, 40.874], [8.71, 40.82], [8.667, 40.836], [8.658, 40.853], [8.701, 40.883], [8.766, 40.874]]]}}, {"type": "Feature", "properties": {"comune": "Thiesi", "provincia": "Sassari", "istat": "112058"}, "geometry": {"type": "Polygon", "coordinates": [[[8.74, 40.541], [8.734, 40.515], [8.716, 40.514], [8.708, 40.498], [8.672, 40.488], [8.671, 40.499], [8.656, 40.496], [8.661, 40.51], [8.623, 40.498], [8.613, 40.475], [8.582, 40.5], [8.573, 40.525], [8.62, 40.547], [8.63, 40.533], [8.648, 40.543], [8.73, 40.547], [8.74, 40.541]]]}}, {"type": "Feature", "properties": {"comune": "Tissi", "provincia": "Sassari", "istat": "112059"}, "geometry": {"type": "Polygon", "coordinates": [[[8.531, 40.691], [8.574, 40.679], [8.574, 40.666], [8.599, 40.644], [8.594, 40.634], [8.577, 40.645], [8.572, 40.662], [8.544, 40.672], [8.531, 40.691]]]}}, {"type": "Feature", "properties": {"comune": "Torralba", "provincia": "Sassari", "istat": "112060"}, "geometry": {"type": "Polygon", "coordinates": [[[8.815, 40.521], [8.832, 40.5], [8.865, 40.488], [8.827, 40.485], [8.798, 40.468], [8.774, 40.481], [8.753, 40.479], [8.754, 40.496], [8.741, 40.506], [8.758, 40.526], [8.815, 40.521]]]}}, {"type": "Feature", "properties": {"comune": "Tula", "provincia": "Sassari", "istat": "112061"}, "geometry": {"type": "Polygon", "coordinates": [[[9.018, 40.701], [8.982, 40.684], [8.959, 40.687], [8.948, 40.739], [8.956, 40.765], [8.992, 40.798], [8.992, 40.808], [9.005, 40.812], [9.026, 40.793], [9.02, 40.766], [9.029, 40.748], [9.018, 40.701]]]}}, {"type": "Feature", "properties": {"comune": "Uri", "provincia": "Sassari", "istat": "112062"}, "geometry": {"type": "Polygon", "coordinates": [[[8.527, 40.645], [8.498, 40.623], [8.485, 40.583], [8.437, 40.596], [8.431, 40.606], [8.439, 40.616], [8.413, 40.62], [8.426, 40.652], [8.465, 40.689], [8.475, 40.671], [8.527, 40.645]]]}}, {"type": "Feature", "properties": {"comune": "Usini", "provincia": "Sassari", "istat": "112063"}, "geometry": {"type": "Polygon", "coordinates": [[[8.531, 40.691], [8.544, 40.672], [8.572, 40.662], [8.592, 40.627], [8.478, 40.669], [8.465, 40.689], [8.531, 40.691]]]}}, {"type": "Feature", "properties": {"comune": "Valledoria", "provincia": "Sassari", "istat": "112064"}, "geometry": {"type": "Polygon", "coordinates": [[[8.874, 40.932], [8.871, 40.921], [8.856, 40.931], [8.854, 40.914], [8.84, 40.907], [8.823, 40.911], [8.792, 40.89], [8.772, 40.893], [8.781, 40.908], [8.772, 40.917], [8.833, 40.948], [8.874, 40.932]]]}}, {"type": "Feature", "properties": {"comune": "Viddalba", "provincia": "Sassari", "istat": "112065"}, "geometry": {"type": "Polygon", "coordinates": [[[8.992, 40.916], [8.926, 40.885], [8.896, 40.891], [8.901, 40.9], [8.868, 40.916], [8.874, 40.932], [8.897, 40.934], [8.944, 40.962], [8.969, 40.956], [8.975, 40.944], [8.961, 40.935], [8.98, 40.931], [8.992, 40.916]]]}}, {"type": "Feature", "properties": {"comune": "Villanova Monteleone", "provincia": "Sassari", "istat": "112066"}, "geometry": {"type": "Polygon", "coordinates": [[[8.578, 40.528], [8.528, 40.48], [8.536, 40.465], [8.569, 40.445], [8.577, 40.414], [8.541, 40.417], [8.525, 40.407], [8.514, 40.421], [8.497, 40.426], [8.479, 40.409], [8.423, 40.394], [8.4, 40.408], [8.368, 40.496], [8.373, 40.512], [8.429, 40.534], [8.446, 40.523], [8.469, 40.528], [8.523, 40.555], [8.578, 40.528]]]}}, {"type": "Feature", "properties": {"comune": "Aggius", "provincia": "Gallura Nord-Est Sardegna", "istat": "113001"}, "geometry": {"type": "Polygon", "coordinates": [[[9.057, 41.061], [9.054, 41.027], [9.068, 41.002], [9.049, 40.97], [9.089, 40.937], [9.065, 40.91], [9.04, 40.921], [8.986, 40.915], [8.98, 40.931], [8.961, 40.936], [8.975, 40.944], [8.972, 40.953], [8.944, 40.962], [8.976, 40.961], [8.994, 40.997], [9.044, 41.028], [9.039, 41.058], [9.047, 41.065], [9.057, 41.061]]]}}, {"type": "Feature", "properties": {"comune": "Aglientu", "provincia": "Gallura Nord-Est Sardegna", "istat": "113002"}, "geometry": {"type": "MultiPolygon", "coordinates": [[[[9.119, 41.158], [9.12, 41.158], [9.12, 41.158], [9.119, 41.158]]], [[[9.119, 41.158], [9.119, 41.158], [9.119, 41.158], [9.119, 41.158]]], [[[9.171, 41.177], [9.235, 41.144], [9.191, 41.134], [9.189, 41.108], [9.153, 41.108], [9.158, 41.097], [9.145, 41.086], [9.162, 41.073], [9.13, 41.039], [9.064, 40.995], [9.054, 41.027], [9.055, 41.072], [9.041, 41.089], [8.997, 41.105], [9.012, 41.124], [9.042, 41.137], [9.064, 41.127], [9.109, 41.135], [9.123, 41.147], [9.12, 41.155], [9.149, 41.155], [9.171, 41.177]]]]}}, {"type": "Feature", "properties": {"comune": "Alà dei Sardi", "provincia": "Gallura Nord-Est Sardegna", "istat": "113003"}, "geometry": {"type": "Polygon", "coordinates": [[[9.4, 40.744], [9.423, 40.732], [9.425, 40.681], [9.456, 40.671], [9.465, 40.656], [9.42, 40.658], [9.412, 40.633], [9.379, 40.615], [9.394, 40.595], [9.364, 40.597], [9.293, 40.627], [9.284, 40.643], [9.226, 40.688], [9.234, 40.707], [9.277, 40.74], [9.323, 40.734], [9.4, 40.744]]]}}, {"type": "Feature", "properties": {"comune": "Arzachena", "provincia": "Gallura Nord-Est Sardegna", "istat": "113004"}, "geometry": {"type": "Polygon", "coordinates": [[[9.526, 41.055], [9.423, 41.058], [9.354, 41.034], [9.337, 41.014], [9.279, 41.02], [9.295, 41.042], [9.297, 41.062], [9.285, 41.076], [9.311, 41.142], [9.337, 41.127], [9.355, 41.144], [9.38, 41.144], [9.404, 41.158], [9.43, 41.155], [9.432, 41.141], [9.443, 41.135], [9.441, 41.105], [9.471, 41.128], [9.467, 41.143], [9.512, 41.141], [9.519, 41.143], [9.516, 41.156], [9.531, 41.152], [9.537, 41.14], [9.526, 41.134], [9.546, 41.134], [9.54, 41.114], [9.561, 41.12], [9.569, 41.11], [9.562, 41.084], [9.549, 41.079], [9.539, 41.088], [9.529, 41.07], [9.541, 41.065], [9.526, 41.055]]]}}, {"type": "Feature", "properties": {"comune": "Badesi", "provincia": "Gallura Nord-Est Sardegna", "istat": "113005"}, "geometry": {"type": "Polygon", "coordinates": [[[8.935, 40.958], [8.897, 40.934], [8.874, 40.932], [8.833, 40.948], [8.803, 40.931], [8.866, 40.987], [8.935, 40.958]]]}}, {"type": "Feature", "properties": {"comune": "Berchidda", "provincia": "Gallura Nord-Est Sardegna", "istat": "113006"}, "geometry": {"type": "Polygon", "coordinates": [[[9.301, 40.847], [9.315, 40.827], [9.287, 40.801], [9.303, 40.751], [9.298, 40.739], [9.274, 40.739], [9.226, 40.691], [9.194, 40.731], [9.201, 40.749], [9.158, 40.764], [9.147, 40.754], [9.095, 40.761], [9.089, 40.799], [9.114, 40.833], [9.186, 40.854], [9.301, 40.847]]]}}, {"type": "Feature", "properties": {"comune": "Bortigiadas", "provincia": "Gallura Nord-Est Sardegna", "istat": "113007"}, "geometry": {"type": "Polygon", "coordinates": [[[9.001, 40.831], [8.996, 40.839], [9.009, 40.846], [8.993, 40.843], [8.972, 40.863], [8.95, 40.866], [8.927, 40.851], [8.905, 40.856], [8.896, 40.89], [8.926, 40.885], [9.008, 40.918], [9.04, 40.921], [9.065, 40.91], [9.059, 40.869], [9.001, 40.831]]]}}, {"type": "Feature", "properties": {"comune": "Buddusò", "provincia": "Gallura Nord-Est Sardegna", "istat": "113008"}, "geometry": {"type": "Polygon", "coordinates": [[[9.394, 40.595], [9.372, 40.571], [9.313, 40.547], [9.286, 40.526], [9.241, 40.538], [9.188, 40.537], [9.195, 40.626], [9.181, 40.637], [9.175, 40.662], [9.226, 40.688], [9.284, 40.643], [9.293, 40.627], [9.364, 40.597], [9.394, 40.595]]]}}, {"type": "Feature", "properties": {"comune": "Budoni", "provincia": "Gallura Nord-Est Sardegna", "istat": "113009"}, "geometry": {"type": "MultiPolygon", "coordinates": [[[[9.767, 40.685], [9.767, 40.685], [9.767, 40.685], [9.767, 40.685]]], [[[9.719, 40.737], [9.718, 40.736], [9.717, 40.736], [9.719, 40.737]]], [[[9.749, 40.658], [9.732, 40.672], [9.7, 40.68], [9.675, 40.665], [9.653, 40.691], [9.59, 40.703], [9.644, 40.717], [9.67, 40.741], [9.715, 40.752], [9.715, 40.71], [9.746, 40.687], [9.749, 40.658]]]]}}, {"type": "Feature", "properties": {"comune": "Calangianus", "provincia": "Gallura Nord-Est Sardegna", "istat": "113010"}, "geometry": {"type": "Polygon", "coordinates": [[[9.317, 40.923], [9.298, 40.914], [9.293, 40.899], [9.309, 40.881], [9.313, 40.858], [9.301, 40.847], [9.278, 40.845], [9.186, 40.854], [9.189, 40.873], [9.161, 40.909], [9.166, 40.925], [9.208, 40.943], [9.227, 40.978], [9.266, 40.994], [9.256, 40.969], [9.27, 40.964], [9.3, 40.924], [9.317, 40.923]]]}}, {"type": "Feature", "properties": {"comune": "Golfo Aranci", "provincia": "Gallura Nord-Est Sardegna", "istat": "113011"}, "geometry": {"type": "MultiPolygon", "coordinates": [[[[9.589, 40.959], [9.588, 40.958], [9.588, 40.959], [9.589, 40.959]]], [[[9.64, 40.983], [9.647, 40.98], [9.643, 40.978], [9.64, 40.983]]], [[[9.58, 40.955], [9.551, 40.969], [9.491, 40.968], [9.537, 41.0], [9.577, 41.003], [9.594, 41.022], [9.623, 41.005], [9.664, 40.998], [9.647, 40.985], [9.611, 41.003], [9.585, 40.986], [9.594, 40.968], [9.58, 40.955]]]]}}, {"type": "Feature", "properties": {"comune": "La Maddalena", "provincia": "Gallura Nord-Est Sardegna", "istat": "113012"}, "geometry": {"type": "MultiPolygon", "coordinates": [[[[9.58, 41.067], [9.582, 41.069], [9.585, 41.068], [9.58, 41.067]]], [[[9.57, 41.065], [9.58, 41.063], [9.571, 41.062], [9.57, 41.065]]], [[[9.585, 41.071], [9.588, 41.069], [9.584, 41.07], [9.585, 41.071]]], [[[9.588, 41.075], [9.587, 41.074], [9.587, 41.075], [9.588, 41.075]]], [[[9.602, 41.079], [9.601, 41.079], [9.602, 41.079], [9.602, 41.079]]], [[[9.61, 41.082], [9.607, 41.072], [9.597, 41.076], [9.597, 41.077], [9.61, 41.082]]], [[[9.619, 41.086], [9.618, 41.086], [9.618, 41.086], [9.619, 41.086]]], [[[9.579, 41.092], [9.579, 41.092], [9.579, 41.093], [9.579, 41.092]]], [[[9.581, 41.094], [9.58, 41.094], [9.58, 41.095], [9.581, 41.094]]], [[[9.568, 41.117], [9.57, 41.116], [9.569, 41.116], [9.568, 41.117]]], [[[9.57, 41.119], [9.571, 41.117], [9.57, 41.118], [9.57, 41.119]]], [[[9.565, 41.124], [9.567, 41.123], [9.564, 41.123], [9.565, 41.124]]], [[[9.57, 41.128], [9.572, 41.127], [9.569, 41.126], [9.57, 41.128]]], [[[9.567, 41.128], [9.566, 41.125], [9.564, 41.125], [9.567, 41.128]]], [[[9.566, 41.132], [9.568, 41.131], [9.567, 41.13], [9.566, 41.132]]], [[[9.5, 41.153], [9.504, 41.154], [9.504, 41.153], [9.5, 41.153]]], [[[9.518, 41.164], [9.519, 41.164], [9.519, 41.164], [9.518, 41.164]]], [[[9.518, 41.167], [9.522, 41.162], [9.517, 41.166], [9.518, 41.167]]], [[[9.46, 41.175], [9.459, 41.174], [9.459, 41.175], [9.46, 41.175]]], [[[9.46, 41.176], [9.462, 41.173], [9.46, 41.173], [9.46, 41.176]]], [[[9.487, 41.184], [9.488, 41.184], [9.487, 41.184], [9.487, 41.184]]], [[[9.484, 41.184], [9.487, 41.182], [9.487, 41.181], [9.484, 41.184]]], [[[9.396, 41.197], [9.397, 41.196], [9.396, 41.196], [9.396, 41.197]]], [[[9.442, 41.203], [9.443, 41.201], [9.442, 41.202], [9.442, 41.203]]], [[[9.419, 41.208], [9.419, 41.189], [9.397, 41.19], [9.398, 41.198], [9.419, 41.208]]], [[[9.446, 41.208], [9.447, 41.208], [9.446, 41.208], [9.446, 41.208]]], [[[9.416, 41.214], [9.419, 41.211], [9.417, 41.21], [9.416, 41.214]]], [[[9.519, 41.216], [9.518, 41.216], [9.518, 41.216], [9.519, 41.216]]], [[[9.518, 41.217], [9.517, 41.216], [9.516, 41.216], [9.518, 41.217]]], [[[9.519, 41.218], [9.519, 41.218], [9.518, 41.218], [9.519, 41.218]]], [[[9.519, 41.219], [9.519, 41.218], [9.518, 41.219], [9.519, 41.219]]], [[[9.447, 41.223], [9.45, 41.221], [9.447, 41.223], [9.447, 41.223]]], [[[9.455, 41.225], [9.456, 41.226], [9.456, 41.225], [9.455, 41.225]]], [[[9.338, 41.229], [9.337, 41.228], [9.338, 41.229], [9.338, 41.229]]], [[[9.455, 41.229], [9.455, 41.229], [9.455, 41.229], [9.455, 41.229]]], [[[9.357, 41.245], [9.357, 41.245], [9.357, 41.245], [9.357, 41.245]]], [[[9.461, 41.243], [9.482, 41.237], [9.486, 41.217], [9.465, 41.19], [9.465, 41.183], [9.481, 41.185], [9.47, 41.169], [9.454, 41.192], [9.442, 41.181], [9.436, 41.187], [9.456, 41.2], [9.447, 41.215], [9.456, 41.223], [9.459, 41.228], [9.461, 41.243]]], [[[9.357, 41.246], [9.357, 41.246], [9.357, 41.246], [9.357, 41.246]]], [[[9.397, 41.25], [9.398, 41.25], [9.397, 41.249], [9.397, 41.25]]], [[[9.322, 41.251], [9.325, 41.249], [9.322, 41.249], [9.322, 41.251]]], [[[9.341, 41.253], [9.36, 41.242], [9.347, 41.229], [9.333, 41.236], [9.341, 41.253]]], [[[9.4, 41.254], [9.398, 41.253], [9.398, 41.254], [9.4, 41.254]]], [[[9.414, 41.255], [9.414, 41.254], [9.413, 41.254], [9.414, 41.255]]], [[[9.421, 41.268], [9.436, 41.247], [9.433, 41.226], [9.439, 41.235], [9.446, 41.234], [9.436, 41.229], [9.44, 41.216], [9.415, 41.216], [9.383, 41.21], [9.377, 41.234], [9.401, 41.243], [9.4, 41.258], [9.413, 41.251], [9.421, 41.268]]], [[[9.402, 41.276], [9.403, 41.276], [9.403, 41.275], [9.402, 41.276]]], [[[9.403, 41.276], [9.404, 41.276], [9.404, 41.276], [9.403, 41.276]]], [[[9.363, 41.284], [9.364, 41.283], [9.363, 41.283], [9.363, 41.284]]], [[[9.365, 41.283], [9.365, 41.284], [9.365, 41.284], [9.365, 41.283]]], [[[9.365, 41.286], [9.365, 41.285], [9.364, 41.285], [9.365, 41.286]]], [[[9.4, 41.285], [9.403, 41.282], [9.401, 41.281], [9.4, 41.285]]], [[[9.337, 41.287], [9.337, 41.286], [9.336, 41.286], [9.337, 41.287]]], [[[9.366, 41.287], [9.367, 41.286], [9.365, 41.286], [9.366, 41.287]]], [[[9.4, 41.287], [9.401, 41.287], [9.4, 41.287], [9.4, 41.287]]], [[[9.4, 41.287], [9.399, 41.287], [9.399, 41.288], [9.4, 41.287]]], [[[9.362, 41.288], [9.363, 41.288], [9.362, 41.287], [9.362, 41.288]]], [[[9.354, 41.289], [9.354, 41.277], [9.335, 41.283], [9.345, 41.288], [9.354, 41.289]]], [[[9.334, 41.295], [9.334, 41.294], [9.333, 41.294], [9.334, 41.295]]], [[[9.338, 41.295], [9.338, 41.295], [9.338, 41.295], [9.338, 41.295]]], [[[9.336, 41.295], [9.335, 41.294], [9.335, 41.295], [9.336, 41.295]]], [[[9.334, 41.295], [9.335, 41.294], [9.334, 41.295], [9.334, 41.295]]], [[[9.333, 41.295], [9.332, 41.295], [9.332, 41.295], [9.333, 41.295]]], [[[9.404, 41.296], [9.407, 41.294], [9.404, 41.294], [9.404, 41.296]]], [[[9.396, 41.295], [9.402, 41.295], [9.401, 41.293], [9.396, 41.295]]], [[[9.4, 41.302], [9.401, 41.301], [9.4, 41.301], [9.4, 41.302]]], [[[9.38, 41.308], [9.385, 41.298], [9.365, 41.289], [9.363, 41.298], [9.38, 41.308]]], [[[9.342, 41.309], [9.354, 41.303], [9.359, 41.294], [9.334, 41.302], [9.342, 41.309]]], [[[9.369, 41.31], [9.37, 41.309], [9.368, 41.309], [9.369, 41.31]]], [[[9.371, 41.311], [9.38, 41.308], [9.37, 41.309], [9.371, 41.311]]], [[[9.369, 41.313], [9.37, 41.313], [9.369, 41.313], [9.369, 41.313]]]]}}, {"type": "Feature", "properties": {"comune": "Loiri Porto San Paolo", "provincia": "Gallura Nord-Est Sardegna", "istat": "113013"}, "geometry": {"type": "Polygon", "coordinates": [[[9.664, 40.856], [9.642, 40.819], [9.584, 40.786], [9.575, 40.793], [9.52, 40.787], [9.471, 40.83], [9.438, 40.831], [9.402, 40.85], [9.539, 40.86], [9.633, 40.884], [9.643, 40.873], [9.654, 40.88], [9.653, 40.863], [9.664, 40.856]]]}}, {"type": "Feature", "properties": {"comune": "Luogosanto", "provincia": "Gallura Nord-Est Sardegna", "istat": "113014"}, "geometry": {"type": "Polygon", "coordinates": [[[9.3, 41.1], [9.285, 41.076], [9.297, 41.062], [9.295, 41.042], [9.279, 41.02], [9.213, 41.026], [9.156, 41.001], [9.142, 41.015], [9.124, 41.013], [9.107, 41.027], [9.162, 41.073], [9.145, 41.086], [9.158, 41.097], [9.151, 41.106], [9.189, 41.108], [9.191, 41.134], [9.3, 41.1]]]}}, {"type": "Feature", "properties": {"comune": "Luras", "provincia": "Gallura Nord-Est Sardegna", "istat": "113015"}, "geometry": {"type": "Polygon", "coordinates": [[[9.279, 41.02], [9.286, 41.007], [9.227, 40.978], [9.208, 40.943], [9.173, 40.924], [9.139, 40.935], [9.118, 40.966], [9.128, 40.994], [9.144, 41.008], [9.156, 41.001], [9.213, 41.026], [9.279, 41.02]]]}}, {"type": "Feature", "properties": {"comune": "Monti", "provincia": "Gallura Nord-Est Sardegna", "istat": "113016"}, "geometry": {"type": "Polygon", "coordinates": [[[9.362, 40.86], [9.431, 40.836], [9.4, 40.744], [9.298, 40.739], [9.303, 40.751], [9.287, 40.801], [9.315, 40.827], [9.301, 40.847], [9.352, 40.85], [9.362, 40.86]]]}}, {"type": "Feature", "properties": {"comune": "Olbia", "provincia": "Gallura Nord-Est Sardegna", "istat": "113017"}, "geometry": {"type": "MultiPolygon", "coordinates": [[[[9.503, 40.802], [9.479, 40.772], [9.477, 40.754], [9.456, 40.738], [9.423, 40.732], [9.4, 40.738], [9.431, 40.836], [9.471, 40.83], [9.503, 40.802]]], [[[9.708, 40.876], [9.708, 40.875], [9.707, 40.875], [9.708, 40.876]]], [[[9.777, 40.875], [9.779, 40.875], [9.778, 40.873], [9.777, 40.875]]], [[[9.73, 40.876], [9.742, 40.87], [9.737, 40.86], [9.71, 40.869], [9.73, 40.876]]], [[[9.672, 40.877], [9.672, 40.879], [9.673, 40.878], [9.672, 40.877]]], [[[9.64, 40.886], [9.641, 40.885], [9.639, 40.885], [9.64, 40.886]]], [[[9.647, 40.888], [9.655, 40.889], [9.655, 40.888], [9.647, 40.888]]], [[[9.668, 40.894], [9.668, 40.894], [9.668, 40.894], [9.668, 40.894]]], [[[9.675, 40.897], [9.675, 40.897], [9.675, 40.897], [9.675, 40.897]]], [[[9.582, 40.905], [9.582, 40.904], [9.582, 40.905], [9.582, 40.905]]], [[[9.508, 40.918], [9.509, 40.918], [9.508, 40.918], [9.508, 40.918]]], [[[9.647, 40.918], [9.647, 40.917], [9.646, 40.917], [9.647, 40.918]]], [[[9.511, 40.918], [9.511, 40.917], [9.508, 40.917], [9.511, 40.918]]], [[[9.567, 40.92], [9.566, 40.92], [9.567, 40.92], [9.567, 40.92]]], [[[9.638, 40.921], [9.638, 40.92], [9.638, 40.921], [9.638, 40.921]]], [[[9.633, 40.921], [9.632, 40.92], [9.632, 40.92], [9.633, 40.921]]], [[[9.642, 40.92], [9.641, 40.92], [9.641, 40.921], [9.642, 40.92]]], [[[9.511, 40.922], [9.511, 40.92], [9.511, 40.921], [9.511, 40.922]]], [[[9.641, 40.921], [9.642, 40.921], [9.641, 40.921], [9.641, 40.921]]], [[[9.633, 40.922], [9.634, 40.921], [9.633, 40.921], [9.633, 40.922]]], [[[9.635, 40.924], [9.635, 40.923], [9.635, 40.924], [9.635, 40.924]]], [[[9.735, 40.924], [9.742, 40.911], [9.693, 40.888], [9.674, 40.89], [9.735, 40.924]]], [[[9.528, 40.931], [9.526, 40.93], [9.526, 40.932], [9.528, 40.931]]], [[[9.529, 41.042], [9.529, 41.041], [9.528, 41.042], [9.529, 41.042]]], [[[9.526, 41.055], [9.523, 41.031], [9.505, 41.009], [9.521, 41.01], [9.527, 41.027], [9.561, 41.038], [9.551, 41.007], [9.558, 41.003], [9.532, 40.998], [9.491, 40.966], [9.551, 40.969], [9.58, 40.955], [9.567, 40.941], [9.574, 40.928], [9.527, 40.933], [9.508, 40.929], [9.524, 40.922], [9.508, 40.924], [9.502, 40.913], [9.561, 40.921], [9.576, 40.904], [9.589, 40.9], [9.612, 40.919], [9.644, 40.92], [9.62, 40.896], [9.618, 40.889], [9.633, 40.884], [9.539, 40.86], [9.402, 40.85], [9.42, 40.86], [9.413, 40.894], [9.392, 40.914], [9.391, 40.942], [9.374, 40.956], [9.41, 40.994], [9.351, 41.015], [9.353, 41.034], [9.423, 41.058], [9.526, 41.055]]]]}}, {"type": "Feature", "properties": {"comune": "Oschiri", "provincia": "Gallura Nord-Est Sardegna", "istat": "113018"}, "geometry": {"type": "Polygon", "coordinates": [[[9.089, 40.799], [9.096, 40.76], [9.147, 40.754], [9.158, 40.764], [9.201, 40.749], [9.194, 40.731], [9.231, 40.694], [9.175, 40.662], [9.134, 40.658], [9.12, 40.646], [9.07, 40.659], [9.059, 40.673], [9.011, 40.682], [9.002, 40.695], [9.018, 40.701], [9.029, 40.748], [9.02, 40.766], [9.026, 40.793], [9.005, 40.812], [9.084, 40.833], [9.107, 40.822], [9.089, 40.799]]]}}, {"type": "Feature", "properties": {"comune": "Padru", "provincia": "Gallura Nord-Est Sardegna", "istat": "113019"}, "geometry": {"type": "Polygon", "coordinates": [[[9.584, 40.786], [9.583, 40.706], [9.551, 40.671], [9.513, 40.649], [9.487, 40.645], [9.463, 40.657], [9.456, 40.671], [9.425, 40.681], [9.423, 40.732], [9.456, 40.738], [9.477, 40.754], [9.479, 40.772], [9.503, 40.802], [9.521, 40.787], [9.575, 40.793], [9.584, 40.786]]]}}, {"type": "Feature", "properties": {"comune": "Palau", "provincia": "Gallura Nord-Est Sardegna", "istat": "113020"}, "geometry": {"type": "MultiPolygon", "coordinates": [[[[9.332, 41.191], [9.335, 41.19], [9.332, 41.19], [9.332, 41.191]]], [[[9.317, 41.202], [9.318, 41.202], [9.318, 41.202], [9.317, 41.202]]], [[[9.422, 41.166], [9.38, 41.144], [9.355, 41.144], [9.33, 41.127], [9.325, 41.139], [9.311, 41.142], [9.309, 41.191], [9.32, 41.203], [9.334, 41.186], [9.341, 41.192], [9.331, 41.195], [9.342, 41.206], [9.363, 41.208], [9.37, 41.183], [9.423, 41.177], [9.422, 41.166]]]]}}, {"type": "Feature", "properties": {"comune": "San Teodoro", "provincia": "Gallura Nord-Est Sardegna", "istat": "113021"}, "geometry": {"type": "MultiPolygon", "coordinates": [[[[9.709, 40.829], [9.707, 40.827], [9.708, 40.829], [9.709, 40.829]]], [[[9.724, 40.846], [9.724, 40.846], [9.724, 40.846], [9.724, 40.846]]], [[[9.722, 40.847], [9.724, 40.847], [9.722, 40.845], [9.722, 40.847]]], [[[9.715, 40.752], [9.67, 40.741], [9.625, 40.71], [9.583, 40.706], [9.584, 40.786], [9.642, 40.819], [9.676, 40.861], [9.704, 40.843], [9.727, 40.843], [9.709, 40.832], [9.686, 40.836], [9.682, 40.821], [9.692, 40.811], [9.67, 40.796], [9.684, 40.769], [9.715, 40.752]]], [[[9.678, 40.865], [9.677, 40.864], [9.676, 40.865], [9.678, 40.865]]]]}}, {"type": "Feature", "properties": {"comune": "Santa Teresa Gallura", "provincia": "Gallura Nord-Est Sardegna", "istat": "113022"}, "geometry": {"type": "MultiPolygon", "coordinates": [[[[9.279, 41.233], [9.28, 41.233], [9.279, 41.232], [9.279, 41.233]]], [[[9.153, 41.245], [9.154, 41.245], [9.153, 41.245], [9.153, 41.245]]], [[[9.183, 41.25], [9.185, 41.251], [9.185, 41.249], [9.183, 41.25]]], [[[9.186, 41.254], [9.185, 41.253], [9.186, 41.253], [9.186, 41.254]]], [[[9.238, 41.255], [9.239, 41.253], [9.237, 41.253], [9.238, 41.255]]], [[[9.24, 41.257], [9.239, 41.256], [9.239, 41.256], [9.24, 41.257]]], [[[9.241, 41.256], [9.242, 41.257], [9.242, 41.256], [9.241, 41.256]]], [[[9.309, 41.191], [9.314, 41.173], [9.225, 41.149], [9.159, 41.186], [9.154, 41.197], [9.167, 41.229], [9.138, 41.239], [9.146, 41.247], [9.165, 41.236], [9.181, 41.248], [9.195, 41.24], [9.235, 41.258], [9.237, 41.246], [9.28, 41.228], [9.27, 41.196], [9.28, 41.194], [9.288, 41.219], [9.299, 41.204], [9.288, 41.195], [9.309, 41.191]]]]}}, {"type": "Feature", "properties": {"comune": "Sant'Antonio di Gallura", "provincia": "Gallura Nord-Est Sardegna", "istat": "113023"}, "geometry": {"type": "Polygon", "coordinates": [[[9.374, 40.95], [9.339, 40.951], [9.341, 40.935], [9.3, 40.924], [9.27, 40.964], [9.256, 40.969], [9.264, 40.974], [9.26, 40.984], [9.286, 41.007], [9.279, 41.019], [9.336, 41.014], [9.348, 41.02], [9.41, 40.994], [9.379, 40.966], [9.374, 40.95]]]}}, {"type": "Feature", "properties": {"comune": "Telti", "provincia": "Gallura Nord-Est Sardegna", "istat": "113024"}, "geometry": {"type": "Polygon", "coordinates": [[[9.339, 40.951], [9.391, 40.942], [9.392, 40.914], [9.413, 40.894], [9.42, 40.86], [9.402, 40.85], [9.362, 40.86], [9.352, 40.85], [9.307, 40.851], [9.309, 40.881], [9.293, 40.899], [9.297, 40.912], [9.341, 40.936], [9.339, 40.951]]]}}, {"type": "Feature", "properties": {"comune": "Tempio Pausania", "provincia": "Gallura Nord-Est Sardegna", "istat": "113025"}, "geometry": {"type": "MultiPolygon", "coordinates": [[[[9.144, 41.008], [9.128, 40.994], [9.118, 40.966], [9.139, 40.935], [9.161, 40.928], [9.163, 40.901], [9.189, 40.873], [9.186, 40.854], [9.114, 40.833], [9.102, 40.81], [9.089, 40.799], [9.107, 40.822], [9.084, 40.833], [8.988, 40.809], [9.001, 40.831], [9.059, 40.869], [9.066, 40.912], [9.089, 40.937], [9.049, 40.97], [9.064, 40.995], [9.107, 41.027], [9.144, 41.008]]], [[[9.314, 41.173], [9.3, 41.1], [9.275, 41.113], [9.244, 41.111], [9.238, 41.124], [9.216, 41.123], [9.202, 41.135], [9.278, 41.167], [9.314, 41.173]]]]}}, {"type": "Feature", "properties": {"comune": "Trinità d'Agultu e Vignola", "provincia": "Gallura Nord-Est Sardegna", "istat": "113026"}, "geometry": {"type": "MultiPolygon", "coordinates": [[[[8.862, 41.015], [8.864, 41.013], [8.862, 41.013], [8.862, 41.015]]], [[[8.997, 41.105], [9.044, 41.087], [9.057, 41.063], [9.039, 41.058], [9.044, 41.028], [8.994, 40.997], [8.976, 40.961], [8.935, 40.958], [8.866, 40.987], [8.877, 41.009], [8.869, 41.015], [8.888, 41.017], [8.882, 41.028], [8.921, 41.038], [8.997, 41.105]]]]}}, {"type": "Feature", "properties": {"comune": "Aritzo", "provincia": "Nuoro", "istat": "114001"}, "geometry": {"type": "Polygon", "coordinates": [[[9.26, 39.97], [9.289, 39.927], [9.278, 39.915], [9.245, 39.918], [9.224, 39.908], [9.197, 39.932], [9.169, 39.933], [9.14, 39.896], [9.129, 39.889], [9.118, 39.895], [9.123, 39.953], [9.187, 39.958], [9.186, 39.978], [9.216, 39.984], [9.26, 39.97]]]}}, {"type": "Feature", "properties": {"comune": "Atzara", "provincia": "Nuoro", "istat": "114002"}, "geometry": {"type": "Polygon", "coordinates": [[[9.132, 39.972], [9.035, 39.961], [9.006, 39.945], [8.994, 39.957], [9.016, 39.98], [9.072, 40.005], [9.09, 40.004], [9.114, 39.976], [9.132, 39.972]]]}}, {"type": "Feature", "properties": {"comune": "Austis", "provincia": "Nuoro", "istat": "114003"}, "geometry": {"type": "Polygon", "coordinates": [[[9.047, 40.141], [9.103, 40.086], [9.113, 40.054], [9.085, 40.052], [9.079, 40.039], [9.027, 40.038], [9.044, 40.058], [9.036, 40.064], [9.035, 40.096], [9.015, 40.126], [9.047, 40.141]]]}}, {"type": "Feature", "properties": {"comune": "Belvì", "provincia": "Nuoro", "istat": "114004"}, "geometry": {"type": "Polygon", "coordinates": [[[9.158, 39.99], [9.201, 39.98], [9.186, 39.978], [9.182, 39.957], [9.133, 39.952], [9.104, 39.965], [9.15, 39.979], [9.158, 39.99]]]}}, {"type": "Feature", "properties": {"comune": "Birori", "provincia": "Nuoro", "istat": "114005"}, "geometry": {"type": "Polygon", "coordinates": [[[8.864, 40.24], [8.857, 40.232], [8.798, 40.236], [8.803, 40.253], [8.791, 40.283], [8.807, 40.283], [8.864, 40.24]]]}}, {"type": "Feature", "properties": {"comune": "Bitti", "provincia": "Nuoro", "istat": "114006"}, "geometry": {"type": "Polygon", "coordinates": [[[9.465, 40.656], [9.487, 40.645], [9.506, 40.653], [9.529, 40.628], [9.517, 40.623], [9.518, 40.603], [9.411, 40.572], [9.403, 40.553], [9.422, 40.533], [9.415, 40.52], [9.428, 40.49], [9.421, 40.457], [9.381, 40.443], [9.312, 40.453], [9.292, 40.466], [9.277, 40.504], [9.284, 40.524], [9.313, 40.547], [9.372, 40.571], [9.394, 40.592], [9.379, 40.615], [9.412, 40.633], [9.42, 40.658], [9.465, 40.656]]]}}, {"type": "Feature", "properties": {"comune": "Bolotana", "provincia": "Nuoro", "istat": "114007"}, "geometry": {"type": "Polygon", "coordinates": [[[9.028, 40.297], [9.029, 40.263], [9.009, 40.237], [8.965, 40.248], [8.921, 40.331], [8.894, 40.346], [8.867, 40.341], [8.841, 40.362], [8.864, 40.39], [8.898, 40.406], [8.901, 40.388], [8.948, 40.369], [9.028, 40.297]]]}}, {"type": "Feature", "properties": {"comune": "Borore", "provincia": "Nuoro", "istat": "114008"}, "geometry": {"type": "Polygon", "coordinates": [[[8.857, 40.232], [8.859, 40.211], [8.782, 40.19], [8.765, 40.197], [8.741, 40.181], [8.743, 40.201], [8.709, 40.214], [8.673, 40.204], [8.669, 40.223], [8.721, 40.233], [8.712, 40.215], [8.758, 40.205], [8.778, 40.23], [8.802, 40.238], [8.857, 40.232]]]}}, {"type": "Feature", "properties": {"comune": "Bortigali", "provincia": "Nuoro", "istat": "114009"}, "geometry": {"type": "Polygon", "coordinates": [[[8.841, 40.362], [8.86, 40.347], [8.847, 40.342], [8.847, 40.323], [8.865, 40.301], [8.869, 40.271], [8.891, 40.261], [8.864, 40.24], [8.807, 40.283], [8.791, 40.283], [8.778, 40.298], [8.761, 40.301], [8.766, 40.314], [8.781, 40.301], [8.792, 40.316], [8.791, 40.357], [8.841, 40.362]]]}}, {"type": "Feature", "properties": {"comune": "Desulo", "provincia": "Nuoro", "istat": "114010"}, "geometry": {"type": "Polygon", "coordinates": [[[9.294, 40.031], [9.323, 39.995], [9.292, 39.984], [9.278, 39.946], [9.26, 39.97], [9.187, 39.986], [9.219, 40.024], [9.223, 40.039], [9.212, 40.05], [9.224, 40.074], [9.234, 40.076], [9.244, 40.053], [9.294, 40.031]]]}}, {"type": "Feature", "properties": {"comune": "Dorgali", "provincia": "Nuoro", "istat": "114011"}, "geometry": {"type": "Polygon", "coordinates": [[[9.436, 40.403], [9.561, 40.374], [9.577, 40.355], [9.678, 40.331], [9.631, 40.275], [9.627, 40.225], [9.595, 40.214], [9.577, 40.191], [9.526, 40.219], [9.51, 40.186], [9.484, 40.21], [9.503, 40.271], [9.528, 40.294], [9.5, 40.335], [9.503, 40.368], [9.417, 40.375], [9.412, 40.382], [9.436, 40.403]]]}}, {"type": "Feature", "properties": {"comune": "Dualchi", "provincia": "Nuoro", "istat": "114012"}, "geometry": {"type": "Polygon", "coordinates": [[[8.924, 40.244], [8.906, 40.208], [8.859, 40.211], [8.857, 40.232], [8.879, 40.255], [8.891, 40.261], [8.924, 40.244]]]}}, {"type": "Feature", "properties": {"comune": "Fonni", "provincia": "Nuoro", "istat": "114013"}, "geometry": {"type": "Polygon", "coordinates": [[[9.303, 40.168], [9.362, 40.074], [9.337, 40.072], [9.319, 40.039], [9.294, 40.031], [9.244, 40.053], [9.24, 40.071], [9.212, 40.103], [9.22, 40.135], [9.241, 40.135], [9.259, 40.152], [9.303, 40.168]]]}}, {"type": "Feature", "properties": {"comune": "Gadoni", "provincia": "Nuoro", "istat": "114014"}, "geometry": {"type": "Polygon", "coordinates": [[[9.213, 39.915], [9.189, 39.89], [9.195, 39.868], [9.185, 39.85], [9.198, 39.845], [9.2, 39.826], [9.166, 39.833], [9.172, 39.85], [9.129, 39.889], [9.169, 39.933], [9.197, 39.932], [9.213, 39.915]]]}}, {"type": "Feature", "properties": {"comune": "Galtellì", "provincia": "Nuoro", "istat": "114015"}, "geometry": {"type": "Polygon", "coordinates": [[[9.621, 40.401], [9.661, 40.389], [9.65, 40.375], [9.645, 40.343], [9.577, 40.355], [9.561, 40.374], [9.498, 40.392], [9.521, 40.407], [9.53, 40.43], [9.577, 40.398], [9.606, 40.39], [9.621, 40.401]]]}}, {"type": "Feature", "properties": {"comune": "Gavoi", "provincia": "Nuoro", "istat": "114016"}, "geometry": {"type": "Polygon", "coordinates": [[[9.28, 40.162], [9.266, 40.151], [9.211, 40.153], [9.22, 40.135], [9.213, 40.103], [9.193, 40.122], [9.155, 40.131], [9.191, 40.172], [9.241, 40.188], [9.274, 40.177], [9.28, 40.162]]]}}, {"type": "Feature", "properties": {"comune": "Irgoli", "provincia": "Nuoro", "istat": "114017"}, "geometry": {"type": "Polygon", "coordinates": [[[9.721, 40.491], [9.677, 40.455], [9.646, 40.421], [9.64, 40.399], [9.621, 40.401], [9.598, 40.459], [9.583, 40.475], [9.619, 40.512], [9.721, 40.491]]]}}, {"type": "Feature", "properties": {"comune": "Lei", "provincia": "Nuoro", "istat": "114018"}, "geometry": {"type": "Polygon", "coordinates": [[[8.957, 40.269], [8.941, 40.275], [8.867, 40.341], [8.894, 40.346], [8.921, 40.331], [8.957, 40.269]]]}}, {"type": "Feature", "properties": {"comune": "Loculi", "provincia": "Nuoro", "istat": "114019"}, "geometry": {"type": "Polygon", "coordinates": [[[9.621, 40.401], [9.606, 40.39], [9.577, 40.398], [9.53, 40.43], [9.583, 40.475], [9.598, 40.459], [9.621, 40.401]]]}}, {"type": "Feature", "properties": {"comune": "Lodè", "provincia": "Nuoro", "istat": "114020"}, "geometry": {"type": "Polygon", "coordinates": [[[9.639, 40.6], [9.63, 40.584], [9.632, 40.559], [9.578, 40.516], [9.503, 40.546], [9.501, 40.598], [9.518, 40.603], [9.517, 40.623], [9.529, 40.628], [9.513, 40.649], [9.551, 40.671], [9.569, 40.633], [9.608, 40.624], [9.622, 40.605], [9.639, 40.6]]]}}, {"type": "Feature", "properties": {"comune": "Lodine", "provincia": "Nuoro", "istat": "114021"}, "geometry": {"type": "Polygon", "coordinates": [[[9.259, 40.152], [9.23, 40.134], [9.214, 40.137], [9.208, 40.148], [9.233, 40.158], [9.259, 40.152]]]}}, {"type": "Feature", "properties": {"comune": "Lula", "provincia": "Nuoro", "istat": "114022"}, "geometry": {"type": "Polygon", "coordinates": [[[9.503, 40.551], [9.603, 40.5], [9.496, 40.389], [9.436, 40.403], [9.432, 40.42], [9.412, 40.43], [9.411, 40.448], [9.422, 40.458], [9.46, 40.465], [9.475, 40.512], [9.471, 40.537], [9.486, 40.532], [9.503, 40.551]]]}}, {"type": "Feature", "properties": {"comune": "Macomer", "provincia": "Nuoro", "istat": "114023"}, "geometry": {"type": "Polygon", "coordinates": [[[8.864, 40.39], [8.841, 40.362], [8.787, 40.354], [8.792, 40.316], [8.782, 40.301], [8.774, 40.313], [8.761, 40.311], [8.761, 40.301], [8.778, 40.298], [8.796, 40.276], [8.803, 40.253], [8.798, 40.236], [8.764, 40.216], [8.767, 40.207], [8.712, 40.215], [8.721, 40.233], [8.698, 40.223], [8.669, 40.225], [8.668, 40.25], [8.692, 40.252], [8.716, 40.27], [8.73, 40.297], [8.729, 40.308], [8.704, 40.331], [8.711, 40.342], [8.745, 40.355], [8.778, 40.349], [8.788, 40.358], [8.813, 40.365], [8.816, 40.402], [8.827, 40.413], [8.854, 40.408], [8.864, 40.39]]]}}, {"type": "Feature", "properties": {"comune": "Mamoiada", "provincia": "Nuoro", "istat": "114024"}, "geometry": {"type": "Polygon", "coordinates": [[[9.293, 40.254], [9.309, 40.229], [9.314, 40.194], [9.303, 40.168], [9.28, 40.162], [9.274, 40.177], [9.246, 40.183], [9.229, 40.205], [9.241, 40.228], [9.277, 40.259], [9.293, 40.254]]]}}, {"type": "Feature", "properties": {"comune": "Meana Sardo", "provincia": "Nuoro", "istat": "114025"}, "geometry": {"type": "Polygon", "coordinates": [[[9.104, 39.965], [9.126, 39.954], [9.12, 39.946], [9.122, 39.889], [9.107, 39.869], [9.038, 39.912], [8.986, 39.917], [8.995, 39.948], [9.006, 39.945], [9.035, 39.961], [9.104, 39.965]]]}}, {"type": "Feature", "properties": {"comune": "Noragugume", "provincia": "Nuoro", "istat": "114026"}, "geometry": {"type": "Polygon", "coordinates": [[[9.009, 40.237], [8.992, 40.214], [8.906, 40.208], [8.922, 40.243], [8.951, 40.254], [9.009, 40.237]]]}}, {"type": "Feature", "properties": {"comune": "Nuoro", "provincia": "Nuoro", "istat": "114027"}, "geometry": {"type": "Polygon", "coordinates": [[[9.225, 40.411], [9.238, 40.408], [9.257, 40.382], [9.299, 40.398], [9.354, 40.377], [9.363, 40.364], [9.426, 40.375], [9.424, 40.355], [9.389, 40.31], [9.292, 40.254], [9.277, 40.259], [9.278, 40.268], [9.183, 40.371], [9.187, 40.389], [9.225, 40.411]]]}}, {"type": "Feature", "properties": {"comune": "Oliena", "provincia": "Nuoro", "istat": "114028"}, "geometry": {"type": "Polygon", "coordinates": [[[9.484, 40.21], [9.422, 40.233], [9.391, 40.234], [9.377, 40.256], [9.341, 40.274], [9.391, 40.311], [9.424, 40.355], [9.426, 40.375], [9.503, 40.368], [9.5, 40.335], [9.526, 40.303], [9.527, 40.291], [9.503, 40.271], [9.484, 40.21]]]}}, {"type": "Feature", "properties": {"comune": "Ollolai", "provincia": "Nuoro", "istat": "114029"}, "geometry": {"type": "Polygon", "coordinates": [[[9.241, 40.188], [9.191, 40.172], [9.155, 40.131], [9.127, 40.132], [9.127, 40.141], [9.166, 40.177], [9.162, 40.197], [9.229, 40.205], [9.241, 40.188]]]}}, {"type": "Feature", "properties": {"comune": "Olzai", "provincia": "Nuoro", "istat": "114030"}, "geometry": {"type": "Polygon", "coordinates": [[[9.162, 40.197], [9.166, 40.177], [9.134, 40.141], [9.129, 40.152], [9.096, 40.147], [9.078, 40.161], [9.028, 40.128], [9.002, 40.134], [9.019, 40.155], [8.998, 40.181], [9.017, 40.194], [9.035, 40.18], [9.096, 40.203], [9.146, 40.209], [9.162, 40.197]]]}}, {"type": "Feature", "properties": {"comune": "Onanì", "provincia": "Nuoro", "istat": "114031"}, "geometry": {"type": "Polygon", "coordinates": [[[9.503, 40.551], [9.486, 40.532], [9.471, 40.537], [9.475, 40.512], [9.46, 40.465], [9.421, 40.457], [9.428, 40.49], [9.415, 40.52], [9.422, 40.533], [9.403, 40.553], [9.411, 40.572], [9.501, 40.598], [9.503, 40.551]]]}}, {"type": "Feature", "properties": {"comune": "Onifai", "provincia": "Nuoro", "istat": "114032"}, "geometry": {"type": "Polygon", "coordinates": [[[9.661, 40.389], [9.64, 40.399], [9.641, 40.408], [9.68, 40.459], [9.721, 40.491], [9.753, 40.478], [9.721, 40.448], [9.713, 40.425], [9.68, 40.394], [9.661, 40.389]]]}}, {"type": "Feature", "properties": {"comune": "Oniferi", "provincia": "Nuoro", "istat": "114033"}, "geometry": {"type": "Polygon", "coordinates": [[[9.112, 40.272], [9.135, 40.285], [9.158, 40.326], [9.148, 40.365], [9.161, 40.369], [9.191, 40.313], [9.184, 40.272], [9.169, 40.263], [9.112, 40.272]]]}}, {"type": "Feature", "properties": {"comune": "Orani", "provincia": "Nuoro", "istat": "114034"}, "geometry": {"type": "Polygon", "coordinates": [[[9.183, 40.371], [9.278, 40.268], [9.232, 40.212], [9.188, 40.237], [9.088, 40.241], [9.078, 40.256], [9.028, 40.271], [9.028, 40.297], [9.052, 40.305], [9.065, 40.304], [9.091, 40.273], [9.177, 40.265], [9.191, 40.313], [9.161, 40.369], [9.183, 40.371]]]}}, {"type": "Feature", "properties": {"comune": "Orgosolo", "provincia": "Nuoro", "istat": "114035"}, "geometry": {"type": "Polygon", "coordinates": [[[9.484, 40.21], [9.51, 40.186], [9.481, 40.169], [9.476, 40.148], [9.454, 40.142], [9.433, 40.104], [9.362, 40.074], [9.303, 40.167], [9.315, 40.208], [9.293, 40.254], [9.341, 40.281], [9.345, 40.269], [9.377, 40.256], [9.391, 40.234], [9.422, 40.233], [9.484, 40.21]]]}}, {"type": "Feature", "properties": {"comune": "Orosei", "provincia": "Nuoro", "istat": "114036"}, "geometry": {"type": "Polygon", "coordinates": [[[9.809, 40.474], [9.774, 40.427], [9.756, 40.382], [9.73, 40.375], [9.678, 40.331], [9.645, 40.339], [9.653, 40.383], [9.68, 40.394], [9.713, 40.425], [9.721, 40.448], [9.753, 40.478], [9.809, 40.474]]]}}, {"type": "Feature", "properties": {"comune": "Orotelli", "provincia": "Nuoro", "istat": "114037"}, "geometry": {"type": "Polygon", "coordinates": [[[9.112, 40.272], [9.087, 40.275], [9.065, 40.304], [9.035, 40.304], [9.042, 40.327], [9.148, 40.365], [9.158, 40.326], [9.135, 40.285], [9.112, 40.272]]]}}, {"type": "Feature", "properties": {"comune": "Ortueri", "provincia": "Nuoro", "istat": "114038"}, "geometry": {"type": "Polygon", "coordinates": [[[9.027, 40.038], [9.029, 40.016], [8.996, 39.988], [8.956, 39.993], [8.946, 40.013], [8.948, 40.024], [8.988, 40.057], [9.027, 40.038]]]}}, {"type": "Feature", "properties": {"comune": "Orune", "provincia": "Nuoro", "istat": "114039"}, "geometry": {"type": "Polygon", "coordinates": [[[9.411, 40.448], [9.412, 40.43], [9.432, 40.42], [9.436, 40.403], [9.412, 40.383], [9.417, 40.375], [9.398, 40.366], [9.363, 40.364], [9.354, 40.377], [9.302, 40.398], [9.256, 40.382], [9.24, 40.405], [9.225, 40.411], [9.251, 40.466], [9.282, 40.476], [9.312, 40.453], [9.381, 40.443], [9.411, 40.448]]]}}, {"type": "Feature", "properties": {"comune": "Osidda", "provincia": "Nuoro", "istat": "114040"}, "geometry": {"type": "Polygon", "coordinates": [[[9.286, 40.526], [9.279, 40.511], [9.243, 40.504], [9.182, 40.509], [9.189, 40.537], [9.241, 40.538], [9.286, 40.526]]]}}, {"type": "Feature", "properties": {"comune": "Ottana", "provincia": "Nuoro", "istat": "114041"}, "geometry": {"type": "Polygon", "coordinates": [[[9.085, 40.243], [9.056, 40.212], [9.057, 40.19], [9.047, 40.181], [9.032, 40.18], [8.99, 40.209], [9.029, 40.27], [9.078, 40.256], [9.085, 40.243]]]}}, {"type": "Feature", "properties": {"comune": "Ovodda", "provincia": "Nuoro", "istat": "114042"}, "geometry": {"type": "Polygon", "coordinates": [[[9.136, 40.131], [9.193, 40.122], [9.209, 40.107], [9.232, 40.076], [9.222, 40.062], [9.165, 40.072], [9.138, 40.094], [9.136, 40.131]]]}}, {"type": "Feature", "properties": {"comune": "Posada", "provincia": "Nuoro", "istat": "114043"}, "geometry": {"type": "Polygon", "coordinates": [[[9.749, 40.658], [9.742, 40.634], [9.751, 40.613], [9.702, 40.61], [9.689, 40.615], [9.698, 40.628], [9.675, 40.665], [9.7, 40.68], [9.732, 40.672], [9.749, 40.658]]]}}, {"type": "Feature", "properties": {"comune": "Sarule", "provincia": "Nuoro", "istat": "114044"}, "geometry": {"type": "Polygon", "coordinates": [[[9.232, 40.212], [9.209, 40.198], [9.162, 40.197], [9.144, 40.209], [9.064, 40.188], [9.053, 40.205], [9.085, 40.243], [9.118, 40.234], [9.188, 40.237], [9.232, 40.212]]]}}, {"type": "Feature", "properties": {"comune": "Seulo", "provincia": "Nuoro", "istat": "114045"}, "geometry": {"type": "Polygon", "coordinates": [[[9.28, 39.917], [9.274, 39.904], [9.283, 39.876], [9.274, 39.851], [9.227, 39.841], [9.209, 39.823], [9.2, 39.826], [9.198, 39.845], [9.185, 39.851], [9.195, 39.868], [9.192, 39.894], [9.213, 39.915], [9.224, 39.908], [9.245, 39.918], [9.28, 39.917]]]}}, {"type": "Feature", "properties": {"comune": "Silanus", "provincia": "Nuoro", "istat": "114046"}, "geometry": {"type": "Polygon", "coordinates": [[[8.854, 40.347], [8.957, 40.269], [8.957, 40.251], [8.928, 40.241], [8.87, 40.27], [8.846, 40.337], [8.854, 40.347]]]}}, {"type": "Feature", "properties": {"comune": "Sindia", "provincia": "Nuoro", "istat": "114047"}, "geometry": {"type": "Polygon", "coordinates": [[[8.699, 40.331], [8.732, 40.304], [8.716, 40.27], [8.692, 40.252], [8.665, 40.25], [8.616, 40.273], [8.623, 40.283], [8.614, 40.291], [8.615, 40.317], [8.636, 40.311], [8.644, 40.297], [8.699, 40.331]]]}}, {"type": "Feature", "properties": {"comune": "Siniscola", "provincia": "Nuoro", "istat": "114048"}, "geometry": {"type": "MultiPolygon", "coordinates": [[[[9.819, 40.54], [9.821, 40.539], [9.816, 40.538], [9.819, 40.54]]], [[[9.809, 40.474], [9.753, 40.478], [9.719, 40.496], [9.667, 40.499], [9.639, 40.511], [9.619, 40.512], [9.603, 40.5], [9.58, 40.517], [9.632, 40.559], [9.63, 40.584], [9.639, 40.6], [9.689, 40.615], [9.753, 40.615], [9.755, 40.596], [9.791, 40.57], [9.794, 40.546], [9.828, 40.528], [9.809, 40.474]]]]}}, {"type": "Feature", "properties": {"comune": "Sorgono", "provincia": "Nuoro", "istat": "114049"}, "geometry": {"type": "Polygon", "coordinates": [[[9.085, 40.052], [9.133, 40.049], [9.132, 39.972], [9.114, 39.976], [9.084, 40.005], [9.02, 39.98], [9.004, 39.993], [9.03, 40.018], [9.027, 40.038], [9.079, 40.039], [9.085, 40.052]]]}}, {"type": "Feature", "properties": {"comune": "Teti", "provincia": "Nuoro", "istat": "114050"}, "geometry": {"type": "Polygon", "coordinates": [[[9.129, 40.152], [9.136, 40.131], [9.137, 40.095], [9.129, 40.093], [9.117, 40.061], [9.047, 40.141], [9.079, 40.161], [9.096, 40.147], [9.129, 40.152]]]}}, {"type": "Feature", "properties": {"comune": "Tiana", "provincia": "Nuoro", "istat": "114051"}, "geometry": {"type": "Polygon", "coordinates": [[[9.222, 40.062], [9.217, 40.055], [9.183, 40.06], [9.14, 40.048], [9.113, 40.054], [9.129, 40.093], [9.137, 40.095], [9.165, 40.072], [9.222, 40.062]]]}}, {"type": "Feature", "properties": {"comune": "Tonara", "provincia": "Nuoro", "istat": "114052"}, "geometry": {"type": "Polygon", "coordinates": [[[9.217, 40.055], [9.219, 40.024], [9.187, 39.986], [9.158, 39.99], [9.15, 39.979], [9.131, 39.976], [9.133, 40.049], [9.183, 40.06], [9.217, 40.055]]]}}, {"type": "Feature", "properties": {"comune": "Torpè", "provincia": "Nuoro", "istat": "114053"}, "geometry": {"type": "Polygon", "coordinates": [[[9.653, 40.691], [9.699, 40.62], [9.639, 40.6], [9.622, 40.605], [9.608, 40.624], [9.569, 40.633], [9.551, 40.671], [9.583, 40.706], [9.653, 40.691]]]}}, {"type": "Feature", "properties": {"comune": "Abbasanta", "provincia": "Oristano", "istat": "115001"}, "geometry": {"type": "Polygon", "coordinates": [[[8.831, 40.129], [8.789, 40.104], [8.736, 40.131], [8.718, 40.164], [8.738, 40.179], [8.831, 40.129]]]}}, {"type": "Feature", "properties": {"comune": "Aidomaggiore", "provincia": "Oristano", "istat": "115002"}, "geometry": {"type": "Polygon", "coordinates": [[[8.893, 40.208], [8.872, 40.187], [8.897, 40.143], [8.857, 40.144], [8.841, 40.159], [8.822, 40.156], [8.782, 40.187], [8.845, 40.209], [8.893, 40.208]]]}}, {"type": "Feature", "properties": {"comune": "Albagiara", "provincia": "Oristano", "istat": "115003"}, "geometry": {"type": "Polygon", "coordinates": [[[8.886, 39.792], [8.871, 39.776], [8.853, 39.779], [8.872, 39.811], [8.873, 39.842], [8.887, 39.828], [8.886, 39.792]]]}}, {"type": "Feature", "properties": {"comune": "Ales", "provincia": "Oristano", "istat": "115004"}, "geometry": {"type": "Polygon", "coordinates": [[[8.767, 39.789], [8.838, 39.79], [8.853, 39.779], [8.845, 39.762], [8.803, 39.748], [8.742, 39.798], [8.746, 39.807], [8.767, 39.789]]]}}, {"type": "Feature", "properties": {"comune": "Allai", "provincia": "Oristano", "istat": "115005"}, "geometry": {"type": "Polygon", "coordinates": [[[8.889, 39.937], [8.84, 39.917], [8.82, 39.939], [8.852, 39.979], [8.891, 39.965], [8.878, 39.956], [8.889, 39.937]]]}}, {"type": "Feature", "properties": {"comune": "Arborea", "provincia": "Oristano", "istat": "115006"}, "geometry": {"type": "Polygon", "coordinates": [[[8.636, 39.82], [8.646, 39.8], [8.641, 39.779], [8.623, 39.778], [8.611, 39.758], [8.611, 39.767], [8.592, 39.763], [8.606, 39.741], [8.586, 39.731], [8.586, 39.709], [8.594, 39.706], [8.531, 39.71], [8.51, 39.733], [8.521, 39.746], [8.512, 39.753], [8.545, 39.794], [8.553, 39.829], [8.615, 39.829], [8.636, 39.82]]]}}, {"type": "Feature", "properties": {"comune": "Ardauli", "provincia": "Oristano", "istat": "115007"}, "geometry": {"type": "Polygon", "coordinates": [[[8.888, 40.102], [8.955, 40.098], [8.965, 40.088], [8.906, 40.061], [8.871, 40.072], [8.888, 40.102]]]}}, {"type": "Feature", "properties": {"comune": "Assolo", "provincia": "Oristano", "istat": "115008"}, "geometry": {"type": "Polygon", "coordinates": [[[8.909, 39.831], [8.946, 39.801], [8.938, 39.79], [8.883, 39.796], [8.885, 39.835], [8.909, 39.831]]]}}, {"type": "Feature", "properties": {"comune": "Asuni", "provincia": "Oristano", "istat": "115009"}, "geometry": {"type": "Polygon", "coordinates": [[[8.965, 39.896], [8.98, 39.874], [8.956, 39.845], [8.917, 39.859], [8.931, 39.897], [8.957, 39.89], [8.965, 39.896]]]}}, {"type": "Feature", "properties": {"comune": "Baradili", "provincia": "Oristano", "istat": "115010"}, "geometry": {"type": "Polygon", "coordinates": [[[8.889, 39.742], [8.913, 39.724], [8.894, 39.709], [8.875, 39.735], [8.889, 39.742]]]}}, {"type": "Feature", "properties": {"comune": "Baratili San Pietro", "provincia": "Oristano", "istat": "115011"}, "geometry": {"type": "Polygon", "coordinates": [[[8.576, 39.997], [8.589, 39.967], [8.579, 39.961], [8.549, 39.992], [8.576, 39.997]]]}}, {"type": "Feature", "properties": {"comune": "Baressa", "provincia": "Oristano", "istat": "115012"}, "geometry": {"type": "Polygon", "coordinates": [[[8.869, 39.687], [8.849, 39.714], [8.865, 39.736], [8.894, 39.711], [8.869, 39.687]]]}}, {"type": "Feature", "properties": {"comune": "Bauladu", "provincia": "Oristano", "istat": "115013"}, "geometry": {"type": "Polygon", "coordinates": [[[8.675, 40.058], [8.708, 40.036], [8.712, 40.011], [8.673, 39.994], [8.648, 40.027], [8.675, 40.058]]]}}, {"type": "Feature", "properties": {"comune": "Bidonì", "provincia": "Oristano", "istat": "115014"}, "geometry": {"type": "Polygon", "coordinates": [[[8.959, 40.146], [8.958, 40.124], [8.942, 40.111], [8.928, 40.114], [8.911, 40.134], [8.933, 40.149], [8.959, 40.146]]]}}, {"type": "Feature", "properties": {"comune": "Bonarcado", "provincia": "Oristano", "istat": "115015"}, "geometry": {"type": "Polygon", "coordinates": [[[8.635, 40.135], [8.7, 40.098], [8.683, 40.054], [8.675, 40.065], [8.655, 40.068], [8.634, 40.111], [8.619, 40.118], [8.635, 40.135]]]}}, {"type": "Feature", "properties": {"comune": "Boroneddu", "provincia": "Oristano", "istat": "115016"}, "geometry": {"type": "Polygon", "coordinates": [[[8.882, 40.12], [8.876, 40.09], [8.863, 40.094], [8.86, 40.119], [8.882, 40.12]]]}}, {"type": "Feature", "properties": {"comune": "Bosa", "provincia": "Oristano", "istat": "115017"}, "geometry": {"type": "MultiPolygon", "coordinates": [[[[8.377, 40.36], [8.378, 40.361], [8.378, 40.36], [8.377, 40.36]]], [[[8.549, 40.387], [8.562, 40.381], [8.574, 40.35], [8.541, 40.328], [8.542, 40.299], [8.518, 40.281], [8.524, 40.272], [8.51, 40.262], [8.483, 40.272], [8.459, 40.318], [8.443, 40.319], [8.427, 40.335], [8.383, 40.339], [8.379, 40.36], [8.4, 40.408], [8.423, 40.394], [8.463, 40.408], [8.482, 40.389], [8.491, 40.348], [8.502, 40.343], [8.517, 40.348], [8.507, 40.377], [8.549, 40.387]]]]}}, {"type": "Feature", "properties": {"comune": "Busachi", "provincia": "Oristano", "istat": "115018"}, "geometry": {"type": "Polygon", "coordinates": [[[8.946, 40.013], [8.953, 39.996], [8.896, 39.975], [8.891, 39.964], [8.845, 39.979], [8.839, 40.024], [8.821, 40.033], [8.86, 40.036], [8.878, 40.048], [8.925, 40.031], [8.934, 40.009], [8.946, 40.013]]]}}, {"type": "Feature", "properties": {"comune": "Cabras", "provincia": "Oristano", "istat": "115019"}, "geometry": {"type": "MultiPolygon", "coordinates": [[[[8.275, 39.882], [8.276, 39.881], [8.275, 39.881], [8.275, 39.882]]], [[[8.54, 39.885], [8.541, 39.892], [8.551, 39.885], [8.54, 39.885]]], [[[8.312, 39.997], [8.312, 39.99], [8.3, 39.985], [8.3, 39.992], [8.312, 39.997]]], [[[8.506, 39.966], [8.549, 39.948], [8.572, 39.951], [8.556, 39.943], [8.565, 39.919], [8.541, 39.905], [8.526, 39.912], [8.467, 39.904], [8.442, 39.88], [8.439, 39.864], [8.435, 39.858], [8.432, 39.887], [8.399, 39.904], [8.394, 39.98], [8.41, 39.998], [8.47, 39.956], [8.506, 39.966]]]]}}, {"type": "Feature", "properties": {"comune": "Cuglieri", "provincia": "Oristano", "istat": "115020"}, "geometry": {"type": "MultiPolygon", "coordinates": [[[[8.487, 40.093], [8.487, 40.092], [8.486, 40.093], [8.487, 40.093]]], [[[8.487, 40.093], [8.488, 40.093], [8.488, 40.093], [8.487, 40.093]]], [[[8.486, 40.094], [8.486, 40.094], [8.486, 40.095], [8.486, 40.094]]], [[[8.487, 40.095], [8.486, 40.094], [8.486, 40.095], [8.487, 40.095]]], [[[8.455, 40.21], [8.456, 40.21], [8.456, 40.209], [8.455, 40.21]]], [[[8.615, 40.175], [8.615, 40.155], [8.6, 40.143], [8.551, 40.133], [8.562, 40.125], [8.542, 40.118], [8.556, 40.103], [8.535, 40.096], [8.519, 40.064], [8.483, 40.074], [8.493, 40.087], [8.488, 40.105], [8.458, 40.154], [8.457, 40.176], [8.474, 40.179], [8.492, 40.198], [8.565, 40.214], [8.615, 40.175]]]]}}, {"type": "Feature", "properties": {"comune": "Curcuris", "provincia": "Oristano", "istat": "115021"}, "geometry": {"type": "Polygon", "coordinates": [[[8.852, 39.744], [8.812, 39.737], [8.803, 39.748], [8.845, 39.762], [8.852, 39.744]]]}}, {"type": "Feature", "properties": {"comune": "Flussio", "provincia": "Oristano", "istat": "115022"}, "geometry": {"type": "Polygon", "coordinates": [[[8.539, 40.273], [8.572, 40.247], [8.558, 40.233], [8.538, 40.233], [8.552, 40.247], [8.527, 40.27], [8.539, 40.273]]]}}, {"type": "Feature", "properties": {"comune": "Fordongianus", "provincia": "Oristano", "istat": "115023"}, "geometry": {"type": "Polygon", "coordinates": [[[8.823, 40.039], [8.821, 40.032], [8.839, 40.024], [8.848, 39.979], [8.82, 39.939], [8.791, 39.964], [8.779, 39.999], [8.787, 40.02], [8.823, 40.039]]]}}, {"type": "Feature", "properties": {"comune": "Ghilarza", "provincia": "Oristano", "istat": "115024"}, "geometry": {"type": "MultiPolygon", "coordinates": [[[[8.857, 40.144], [8.867, 40.141], [8.859, 40.098], [8.879, 40.09], [8.88, 40.078], [8.85, 40.04], [8.813, 40.04], [8.789, 40.104], [8.857, 40.144]]], [[[8.886, 40.146], [8.911, 40.134], [8.903, 40.118], [8.875, 40.12], [8.889, 40.13], [8.886, 40.146]]]]}}, {"type": "Feature", "properties": {"comune": "Gonnoscodina", "provincia": "Oristano", "istat": "115025"}, "geometry": {"type": "Polygon", "coordinates": [[[8.869, 39.687], [8.812, 39.698], [8.813, 39.709], [8.849, 39.714], [8.869, 39.687]]]}}, {"type": "Feature", "properties": {"comune": "Gonnosnò", "provincia": "Oristano", "istat": "115026"}, "geometry": {"type": "Polygon", "coordinates": [[[8.893, 39.773], [8.886, 39.742], [8.875, 39.735], [8.852, 39.744], [8.845, 39.762], [8.851, 39.777], [8.871, 39.776], [8.887, 39.787], [8.893, 39.773]]]}}, {"type": "Feature", "properties": {"comune": "Gonnostramatza", "provincia": "Oristano", "istat": "115027"}, "geometry": {"type": "Polygon", "coordinates": [[[8.865, 39.683], [8.861, 39.668], [8.784, 39.654], [8.812, 39.698], [8.865, 39.683]]]}}, {"type": "Feature", "properties": {"comune": "Laconi", "provincia": "Oristano", "istat": "115028"}, "geometry": {"type": "Polygon", "coordinates": [[[9.122, 39.889], [9.172, 39.85], [9.166, 39.833], [9.148, 39.845], [9.128, 39.84], [9.112, 39.849], [9.1, 39.831], [9.054, 39.801], [9.014, 39.826], [8.987, 39.826], [8.954, 39.844], [8.98, 39.874], [8.965, 39.896], [8.992, 39.916], [9.038, 39.912], [9.105, 39.869], [9.122, 39.889]]]}}, {"type": "Feature", "properties": {"comune": "Magomadas", "provincia": "Oristano", "istat": "115029"}, "geometry": {"type": "Polygon", "coordinates": [[[8.524, 40.272], [8.552, 40.243], [8.521, 40.258], [8.477, 40.255], [8.483, 40.272], [8.51, 40.262], [8.524, 40.272]]]}}, {"type": "Feature", "properties": {"comune": "Marrubiu", "provincia": "Oristano", "istat": "115030"}, "geometry": {"type": "Polygon", "coordinates": [[[8.742, 39.798], [8.739, 39.782], [8.698, 39.772], [8.689, 39.745], [8.66, 39.732], [8.643, 39.731], [8.602, 39.756], [8.619, 39.761], [8.623, 39.778], [8.641, 39.779], [8.646, 39.8], [8.636, 39.82], [8.673, 39.819], [8.742, 39.798]]]}}, {"type": "Feature", "properties": {"comune": "Masullas", "provincia": "Oristano", "istat": "115031"}, "geometry": {"type": "Polygon", "coordinates": [[[8.746, 39.729], [8.769, 39.71], [8.806, 39.715], [8.812, 39.698], [8.806, 39.688], [8.726, 39.693], [8.734, 39.703], [8.726, 39.728], [8.746, 39.729]]]}}, {"type": "Feature", "properties": {"comune": "Milis", "provincia": "Oristano", "istat": "115032"}, "geometry": {"type": "Polygon", "coordinates": [[[8.654, 40.071], [8.678, 40.062], [8.648, 40.027], [8.632, 40.021], [8.631, 40.03], [8.606, 40.041], [8.614, 40.056], [8.654, 40.071]]]}}, {"type": "Feature", "properties": {"comune": "Modolo", "provincia": "Oristano", "istat": "115033"}, "geometry": {"type": "Polygon", "coordinates": [[[8.539, 40.273], [8.527, 40.27], [8.518, 40.281], [8.536, 40.293], [8.539, 40.273]]]}}, {"type": "Feature", "properties": {"comune": "Mogorella", "provincia": "Oristano", "istat": "115034"}, "geometry": {"type": "Polygon", "coordinates": [[[8.88, 39.88], [8.873, 39.841], [8.835, 39.859], [8.843, 39.899], [8.88, 39.88]]]}}, {"type": "Feature", "properties": {"comune": "Mogoro", "provincia": "Oristano", "istat": "115035"}, "geometry": {"type": "Polygon", "coordinates": [[[8.806, 39.688], [8.776, 39.643], [8.743, 39.627], [8.685, 39.652], [8.726, 39.693], [8.806, 39.688]]]}}, {"type": "Feature", "properties": {"comune": "Montresta", "provincia": "Oristano", "istat": "115036"}, "geometry": {"type": "Polygon", "coordinates": [[[8.5, 40.426], [8.554, 40.39], [8.507, 40.378], [8.517, 40.348], [8.493, 40.345], [8.482, 40.389], [8.463, 40.408], [8.479, 40.409], [8.5, 40.426]]]}}, {"type": "Feature", "properties": {"comune": "Morgongiori", "provincia": "Oristano", "istat": "115037"}, "geometry": {"type": "Polygon", "coordinates": [[[8.803, 39.748], [8.78, 39.729], [8.726, 39.728], [8.689, 39.746], [8.694, 39.768], [8.739, 39.782], [8.742, 39.798], [8.803, 39.748]]]}}, {"type": "Feature", "properties": {"comune": "Narbolia", "provincia": "Oristano", "istat": "115038"}, "geometry": {"type": "Polygon", "coordinates": [[[8.483, 40.074], [8.519, 40.064], [8.522, 40.054], [8.575, 40.073], [8.603, 40.037], [8.56, 40.024], [8.513, 40.027], [8.47, 40.062], [8.483, 40.074]]]}}, {"type": "Feature", "properties": {"comune": "Neoneli", "provincia": "Oristano", "istat": "115039"}, "geometry": {"type": "Polygon", "coordinates": [[[9.027, 40.038], [8.99, 40.058], [8.948, 40.024], [8.928, 40.05], [8.906, 40.061], [8.965, 40.088], [9.028, 40.103], [9.044, 40.058], [9.027, 40.038]]]}}, {"type": "Feature", "properties": {"comune": "Norbello", "provincia": "Oristano", "istat": "115040"}, "geometry": {"type": "Polygon", "coordinates": [[[8.765, 40.197], [8.822, 40.156], [8.85, 40.157], [8.857, 40.144], [8.847, 40.145], [8.848, 40.135], [8.831, 40.129], [8.738, 40.179], [8.765, 40.197]]]}}, {"type": "Feature", "properties": {"comune": "Nughedu Santa Vittoria", "provincia": "Oristano", "istat": "115041"}, "geometry": {"type": "Polygon", "coordinates": [[[8.979, 40.136], [9.017, 40.126], [9.028, 40.103], [8.979, 40.087], [8.933, 40.095], [8.979, 40.136]]]}}, {"type": "Feature", "properties": {"comune": "Nurachi", "provincia": "Oristano", "istat": "115042"}, "geometry": {"type": "Polygon", "coordinates": [[[8.568, 39.974], [8.579, 39.961], [8.572, 39.951], [8.549, 39.948], [8.506, 39.966], [8.509, 39.979], [8.523, 39.984], [8.568, 39.974]]]}}, {"type": "Feature", "properties": {"comune": "Nureci", "provincia": "Oristano", "istat": "115043"}, "geometry": {"type": "Polygon", "coordinates": [[[8.987, 39.826], [8.953, 39.779], [8.94, 39.785], [8.964, 39.841], [8.987, 39.826]]]}}, {"type": "Feature", "properties": {"comune": "Ollastra", "provincia": "Oristano", "istat": "115044"}, "geometry": {"type": "Polygon", "coordinates": [[[8.78, 39.989], [8.798, 39.958], [8.745, 39.936], [8.712, 39.953], [8.78, 39.989]]]}}, {"type": "Feature", "properties": {"comune": "Oristano", "provincia": "Oristano", "istat": "115045"}, "geometry": {"type": "Polygon", "coordinates": [[[8.612, 39.966], [8.626, 39.929], [8.653, 39.926], [8.668, 39.911], [8.722, 39.89], [8.716, 39.881], [8.727, 39.878], [8.73, 39.859], [8.676, 39.883], [8.622, 39.893], [8.57, 39.869], [8.518, 39.905], [8.489, 39.902], [8.499, 39.912], [8.55, 39.909], [8.565, 39.919], [8.556, 39.944], [8.589, 39.967], [8.612, 39.966]]]}}, {"type": "Feature", "properties": {"comune": "Palmas Arborea", "provincia": "Oristano", "istat": "115046"}, "geometry": {"type": "Polygon", "coordinates": [[[8.73, 39.859], [8.738, 39.836], [8.755, 39.827], [8.746, 39.807], [8.625, 39.872], [8.636, 39.888], [8.661, 39.887], [8.73, 39.859]]]}}, {"type": "Feature", "properties": {"comune": "Pau", "provincia": "Oristano", "istat": "115047"}, "geometry": {"type": "Polygon", "coordinates": [[[8.809, 39.785], [8.767, 39.789], [8.746, 39.807], [8.755, 39.821], [8.788, 39.813], [8.812, 39.796], [8.809, 39.785]]]}}, {"type": "Feature", "properties": {"comune": "Paulilatino", "provincia": "Oristano", "istat": "115048"}, "geometry": {"type": "Polygon", "coordinates": [[[8.736, 40.131], [8.789, 40.104], [8.8, 40.087], [8.814, 40.049], [8.793, 40.021], [8.733, 40.012], [8.712, 40.021], [8.708, 40.036], [8.684, 40.053], [8.687, 40.08], [8.7, 40.098], [8.69, 40.102], [8.709, 40.131], [8.736, 40.131]]]}}, {"type": "Feature", "properties": {"comune": "Pompu", "provincia": "Oristano", "istat": "115049"}, "geometry": {"type": "Polygon", "coordinates": [[[8.806, 39.715], [8.787, 39.714], [8.78, 39.729], [8.804, 39.745], [8.812, 39.737], [8.806, 39.715]]]}}, {"type": "Feature", "properties": {"comune": "Riola Sardo", "provincia": "Oristano", "istat": "115050"}, "geometry": {"type": "Polygon", "coordinates": [[[8.488, 40.021], [8.529, 40.025], [8.554, 40.002], [8.551, 39.987], [8.568, 39.974], [8.523, 39.984], [8.509, 39.979], [8.506, 39.966], [8.47, 39.956], [8.41, 39.998], [8.411, 40.011], [8.453, 39.987], [8.488, 40.021]]]}}, {"type": "Feature", "properties": {"comune": "Ruinas", "provincia": "Oristano", "istat": "115051"}, "geometry": {"type": "Polygon", "coordinates": [[[8.931, 39.897], [8.921, 39.883], [8.88, 39.88], [8.843, 39.901], [8.84, 39.917], [8.889, 39.937], [8.931, 39.897]]]}}, {"type": "Feature", "properties": {"comune": "Sagama", "provincia": "Oristano", "istat": "115052"}, "geometry": {"type": "Polygon", "coordinates": [[[8.616, 40.273], [8.624, 40.262], [8.584, 40.245], [8.567, 40.25], [8.579, 40.273], [8.616, 40.273]]]}}, {"type": "Feature", "properties": {"comune": "Samugheo", "provincia": "Oristano", "istat": "115053"}, "geometry": {"type": "Polygon", "coordinates": [[[9.006, 39.992], [9.018, 39.98], [8.994, 39.957], [8.988, 39.915], [8.957, 39.89], [8.929, 39.898], [8.878, 39.956], [8.896, 39.975], [8.942, 39.994], [9.006, 39.992]]]}}, {"type": "Feature", "properties": {"comune": "San Nicolò d'Arcidano", "provincia": "Oristano", "istat": "115054"}, "geometry": {"type": "Polygon", "coordinates": [[[8.651, 39.696], [8.69, 39.663], [8.685, 39.652], [8.697, 39.645], [8.671, 39.631], [8.628, 39.655], [8.608, 39.69], [8.651, 39.696]]]}}, {"type": "Feature", "properties": {"comune": "San Vero Milis", "provincia": "Oristano", "istat": "115055"}, "geometry": {"type": "MultiPolygon", "coordinates": [[[[8.631, 40.03], [8.623, 39.995], [8.601, 39.993], [8.56, 39.997], [8.529, 40.025], [8.586, 40.028], [8.606, 40.041], [8.631, 40.03]]], [[[8.404, 40.054], [8.403, 40.054], [8.403, 40.054], [8.404, 40.054]]], [[[8.513, 40.027], [8.488, 40.021], [8.453, 39.987], [8.411, 40.011], [8.405, 40.031], [8.377, 40.035], [8.399, 40.051], [8.415, 40.041], [8.469, 40.062], [8.513, 40.027]]]]}}, {"type": "Feature", "properties": {"comune": "Santa Giusta", "provincia": "Oristano", "istat": "115056"}, "geometry": {"type": "Polygon", "coordinates": [[[8.636, 39.888], [8.629, 39.869], [8.736, 39.816], [8.746, 39.807], [8.742, 39.798], [8.615, 39.829], [8.553, 39.829], [8.555, 39.853], [8.546, 39.86], [8.569, 39.864], [8.54, 39.869], [8.54, 39.884], [8.57, 39.869], [8.61, 39.892], [8.636, 39.888]]]}}, {"type": "Feature", "properties": {"comune": "Santu Lussurgiu", "provincia": "Oristano", "istat": "115057"}, "geometry": {"type": "Polygon", "coordinates": [[[8.741, 40.181], [8.718, 40.159], [8.736, 40.131], [8.709, 40.131], [8.691, 40.104], [8.635, 40.135], [8.608, 40.116], [8.55, 40.127], [8.557, 40.139], [8.592, 40.141], [8.615, 40.155], [8.622, 40.187], [8.697, 40.213], [8.743, 40.201], [8.741, 40.181]]]}}, {"type": "Feature", "properties": {"comune": "Scano di Montiferro", "provincia": "Oristano", "istat": "115058"}, "geometry": {"type": "Polygon", "coordinates": [[[8.668, 40.25], [8.673, 40.204], [8.622, 40.187], [8.615, 40.175], [8.563, 40.215], [8.569, 40.226], [8.558, 40.233], [8.566, 40.244], [8.627, 40.264], [8.668, 40.25]]]}}, {"type": "Feature", "properties": {"comune": "Sedilo", "provincia": "Oristano", "istat": "115059"}, "geometry": {"type": "Polygon", "coordinates": [[[8.992, 40.214], [9.017, 40.194], [8.964, 40.144], [8.933, 40.149], [8.911, 40.134], [8.897, 40.143], [8.873, 40.185], [8.893, 40.208], [8.992, 40.214]]]}}, {"type": "Feature", "properties": {"comune": "Seneghe", "provincia": "Oristano", "istat": "115060"}, "geometry": {"type": "Polygon", "coordinates": [[[8.562, 40.125], [8.634, 40.111], [8.654, 40.071], [8.614, 40.056], [8.601, 40.04], [8.575, 40.073], [8.522, 40.055], [8.521, 40.074], [8.535, 40.096], [8.556, 40.103], [8.543, 40.119], [8.562, 40.125]]]}}, {"type": "Feature", "properties": {"comune": "Senis", "provincia": "Oristano", "istat": "115061"}, "geometry": {"type": "Polygon", "coordinates": [[[8.917, 39.859], [8.964, 39.841], [8.946, 39.801], [8.909, 39.829], [8.921, 39.84], [8.917, 39.859]]]}}, {"type": "Feature", "properties": {"comune": "Sennariolo", "provincia": "Oristano", "istat": "115062"}, "geometry": {"type": "Polygon", "coordinates": [[[8.523, 40.23], [8.569, 40.226], [8.563, 40.208], [8.492, 40.197], [8.523, 40.23]]]}}, {"type": "Feature", "properties": {"comune": "Siamaggiore", "provincia": "Oristano", "istat": "115063"}, "geometry": {"type": "Polygon", "coordinates": [[[8.654, 39.978], [8.644, 39.959], [8.65, 39.943], [8.64, 39.928], [8.626, 39.929], [8.612, 39.966], [8.654, 39.978]]]}}, {"type": "Feature", "properties": {"comune": "Siamanna", "provincia": "Oristano", "istat": "115064"}, "geometry": {"type": "Polygon", "coordinates": [[[8.84, 39.917], [8.81, 39.896], [8.722, 39.89], [8.715, 39.899], [8.741, 39.924], [8.775, 39.916], [8.823, 39.934], [8.84, 39.917]]]}}, {"type": "Feature", "properties": {"comune": "Siapiccia", "provincia": "Oristano", "istat": "115065"}, "geometry": {"type": "Polygon", "coordinates": [[[8.798, 39.958], [8.823, 39.934], [8.802, 39.921], [8.775, 39.916], [8.737, 39.929], [8.757, 39.946], [8.777, 39.945], [8.798, 39.958]]]}}, {"type": "Feature", "properties": {"comune": "Simala", "provincia": "Oristano", "istat": "115066"}, "geometry": {"type": "Polygon", "coordinates": [[[8.865, 39.736], [8.849, 39.714], [8.806, 39.715], [8.812, 39.737], [8.852, 39.744], [8.865, 39.736]]]}}, {"type": "Feature", "properties": {"comune": "Simaxis", "provincia": "Oristano", "istat": "115067"}, "geometry": {"type": "Polygon", "coordinates": [[[8.745, 39.936], [8.737, 39.929], [8.742, 39.92], [8.716, 39.902], [8.722, 39.89], [8.641, 39.928], [8.68, 39.934], [8.689, 39.949], [8.712, 39.954], [8.745, 39.936]]]}}, {"type": "Feature", "properties": {"comune": "Sini", "provincia": "Oristano", "istat": "115068"}, "geometry": {"type": "Polygon", "coordinates": [[[8.924, 39.758], [8.902, 39.733], [8.885, 39.742], [8.893, 39.773], [8.924, 39.758]]]}}, {"type": "Feature", "properties": {"comune": "Siris", "provincia": "Oristano", "istat": "115069"}, "geometry": {"type": "Polygon", "coordinates": [[[8.78, 39.729], [8.788, 39.716], [8.776, 39.71], [8.745, 39.725], [8.78, 39.729]]]}}, {"type": "Feature", "properties": {"comune": "Soddì", "provincia": "Oristano", "istat": "115070"}, "geometry": {"type": "Polygon", "coordinates": [[[8.886, 40.146], [8.889, 40.13], [8.863, 40.122], [8.864, 40.144], [8.886, 40.146]]]}}, {"type": "Feature", "properties": {"comune": "Solarussa", "provincia": "Oristano", "istat": "115071"}, "geometry": {"type": "Polygon", "coordinates": [[[8.735, 40.012], [8.686, 39.957], [8.691, 39.949], [8.68, 39.934], [8.64, 39.928], [8.657, 39.982], [8.708, 40.003], [8.712, 40.021], [8.735, 40.012]]]}}, {"type": "Feature", "properties": {"comune": "Sorradile", "provincia": "Oristano", "istat": "115072"}, "geometry": {"type": "MultiPolygon", "coordinates": [[[[8.947, 40.116], [8.933, 40.095], [8.891, 40.102], [8.911, 40.134], [8.935, 40.11], [8.947, 40.116]]], [[[9.002, 40.134], [8.991, 40.14], [8.958, 40.124], [8.956, 40.13], [8.959, 40.146], [9.001, 40.178], [9.019, 40.155], [9.002, 40.134]]]]}}, {"type": "Feature", "properties": {"comune": "Suni", "provincia": "Oristano", "istat": "115073"}, "geometry": {"type": "Polygon", "coordinates": [[[8.62, 40.319], [8.611, 40.309], [8.623, 40.283], [8.616, 40.273], [8.583, 40.28], [8.539, 40.273], [8.54, 40.327], [8.576, 40.358], [8.587, 40.354], [8.592, 40.334], [8.62, 40.319]]]}}, {"type": "Feature", "properties": {"comune": "Tadasuni", "provincia": "Oristano", "istat": "115074"}, "geometry": {"type": "Polygon", "coordinates": [[[8.882, 40.12], [8.903, 40.118], [8.885, 40.099], [8.88, 40.078], [8.874, 40.097], [8.882, 40.12]]]}}, {"type": "Feature", "properties": {"comune": "Terralba", "provincia": "Oristano", "istat": "115075"}, "geometry": {"type": "Polygon", "coordinates": [[[8.611, 39.758], [8.602, 39.756], [8.643, 39.731], [8.671, 39.737], [8.651, 39.696], [8.567, 39.687], [8.549, 39.696], [8.521, 39.693], [8.501, 39.711], [8.506, 39.73], [8.515, 39.733], [8.531, 39.71], [8.594, 39.706], [8.586, 39.709], [8.586, 39.731], [8.606, 39.741], [8.592, 39.763], [8.611, 39.767], [8.611, 39.758]]]}}, {"type": "Feature", "properties": {"comune": "Tinnura", "provincia": "Oristano", "istat": "115076"}, "geometry": {"type": "Polygon", "coordinates": [[[8.583, 40.28], [8.565, 40.259], [8.539, 40.273], [8.583, 40.28]]]}}, {"type": "Feature", "properties": {"comune": "Tramatza", "provincia": "Oristano", "istat": "115077"}, "geometry": {"type": "Polygon", "coordinates": [[[8.673, 39.994], [8.637, 39.973], [8.628, 39.976], [8.623, 39.994], [8.632, 40.021], [8.649, 40.027], [8.673, 39.994]]]}}, {"type": "Feature", "properties": {"comune": "Tresnuraghes", "provincia": "Oristano", "istat": "115078"}, "geometry": {"type": "Polygon", "coordinates": [[[8.544, 40.243], [8.474, 40.179], [8.457, 40.176], [8.476, 40.255], [8.521, 40.258], [8.544, 40.243]]]}}, {"type": "Feature", "properties": {"comune": "Ulà Tirso", "provincia": "Oristano", "istat": "115079"}, "geometry": {"type": "Polygon", "coordinates": [[[8.871, 40.072], [8.928, 40.05], [8.948, 40.024], [8.94, 40.008], [8.908, 40.041], [8.878, 40.048], [8.86, 40.036], [8.85, 40.041], [8.871, 40.072]]]}}, {"type": "Feature", "properties": {"comune": "Uras", "provincia": "Oristano", "istat": "115080"}, "geometry": {"type": "Polygon", "coordinates": [[[8.726, 39.728], [8.734, 39.703], [8.691, 39.663], [8.651, 39.696], [8.659, 39.724], [8.689, 39.746], [8.726, 39.728]]]}}, {"type": "Feature", "properties": {"comune": "Usellus", "provincia": "Oristano", "istat": "115081"}, "geometry": {"type": "Polygon", "coordinates": [[[8.873, 39.842], [8.872, 39.811], [8.853, 39.779], [8.828, 39.814], [8.784, 39.834], [8.791, 39.846], [8.835, 39.859], [8.873, 39.842]]]}}, {"type": "Feature", "properties": {"comune": "Villa Sant'Antonio", "provincia": "Oristano", "istat": "115082"}, "geometry": {"type": "Polygon", "coordinates": [[[8.921, 39.883], [8.917, 39.836], [8.884, 39.832], [8.873, 39.841], [8.88, 39.88], [8.921, 39.883]]]}}, {"type": "Feature", "properties": {"comune": "Villa Verde", "provincia": "Oristano", "istat": "115083"}, "geometry": {"type": "Polygon", "coordinates": [[[8.784, 39.834], [8.828, 39.814], [8.841, 39.789], [8.813, 39.782], [8.799, 39.808], [8.755, 39.821], [8.759, 39.833], [8.784, 39.834]]]}}, {"type": "Feature", "properties": {"comune": "Villanova Truschedu", "provincia": "Oristano", "istat": "115084"}, "geometry": {"type": "Polygon", "coordinates": [[[8.787, 40.02], [8.779, 39.999], [8.791, 39.977], [8.79, 39.965], [8.782, 39.989], [8.741, 39.968], [8.738, 40.008], [8.787, 40.02]]]}}, {"type": "Feature", "properties": {"comune": "Villaurbana", "provincia": "Oristano", "istat": "115085"}, "geometry": {"type": "Polygon", "coordinates": [[[8.847, 39.9], [8.835, 39.859], [8.755, 39.827], [8.738, 39.836], [8.727, 39.878], [8.716, 39.881], [8.722, 39.89], [8.76, 39.897], [8.811, 39.896], [8.84, 39.917], [8.847, 39.9]]]}}, {"type": "Feature", "properties": {"comune": "Zeddiani", "provincia": "Oristano", "istat": "115086"}, "geometry": {"type": "Polygon", "coordinates": [[[8.623, 39.995], [8.628, 39.976], [8.612, 39.966], [8.588, 39.967], [8.575, 39.994], [8.623, 39.995]]]}}, {"type": "Feature", "properties": {"comune": "Zerfaliu", "provincia": "Oristano", "istat": "115087"}, "geometry": {"type": "Polygon", "coordinates": [[[8.759, 40.017], [8.737, 40.006], [8.741, 39.968], [8.702, 39.948], [8.683, 39.953], [8.735, 40.012], [8.759, 40.017]]]}}, {"type": "Feature", "properties": {"comune": "Arzana", "provincia": "Ogliastra", "istat": "116001"}, "geometry": {"type": "MultiPolygon", "coordinates": [[[[9.651, 39.549], [9.594, 39.574], [9.591, 39.603], [9.655, 39.611], [9.651, 39.549]]], [[[9.617, 39.927], [9.616, 39.916], [9.557, 39.904], [9.532, 39.908], [9.49, 39.886], [9.391, 39.93], [9.367, 39.905], [9.286, 39.915], [9.278, 39.946], [9.292, 39.984], [9.323, 39.995], [9.376, 39.978], [9.403, 39.945], [9.437, 39.934], [9.486, 39.928], [9.575, 39.946], [9.617, 39.927]]]]}}, {"type": "Feature", "properties": {"comune": "Bari Sardo", "provincia": "Ogliastra", "istat": "116002"}, "geometry": {"type": "Polygon", "coordinates": [[[9.685, 39.866], [9.697, 39.853], [9.684, 39.841], [9.672, 39.795], [9.63, 39.805], [9.622, 39.817], [9.631, 39.825], [9.619, 39.85], [9.624, 39.862], [9.65, 39.875], [9.685, 39.866]]]}}, {"type": "Feature", "properties": {"comune": "Baunei", "provincia": "Ogliastra", "istat": "116003"}, "geometry": {"type": "Polygon", "coordinates": [[[9.688, 39.986], [9.657, 39.988], [9.67, 40.01], [9.645, 40.044], [9.61, 40.032], [9.591, 40.033], [9.561, 40.052], [9.548, 40.047], [9.552, 40.1], [9.563, 40.123], [9.561, 40.154], [9.576, 40.195], [9.61, 40.221], [9.629, 40.225], [9.631, 40.187], [9.657, 40.142], [9.689, 40.108], [9.733, 40.087], [9.735, 40.076], [9.706, 40.034], [9.688, 39.986]]]}}, {"type": "Feature", "properties": {"comune": "Cardedu", "provincia": "Ogliastra", "istat": "116004"}, "geometry": {"type": "Polygon", "coordinates": [[[9.599, 39.808], [9.672, 39.795], [9.674, 39.753], [9.648, 39.75], [9.647, 39.721], [9.63, 39.723], [9.61, 39.774], [9.611, 39.795], [9.599, 39.808]]]}}, {"type": "Feature", "properties": {"comune": "Elini", "provincia": "Ogliastra", "istat": "116005"}, "geometry": {"type": "MultiPolygon", "coordinates": [[[[9.552, 39.904], [9.533, 39.894], [9.508, 39.893], [9.532, 39.908], [9.552, 39.904]]], [[[9.649, 39.884], [9.607, 39.899], [9.596, 39.91], [9.62, 39.918], [9.649, 39.884]]]]}}, {"type": "Feature", "properties": {"comune": "Gairo", "provincia": "Ogliastra", "istat": "116006"}, "geometry": {"type": "MultiPolygon", "coordinates": [[[[9.674, 39.753], [9.676, 39.726], [9.647, 39.721], [9.648, 39.75], [9.674, 39.753]]], [[[9.441, 39.914], [9.543, 39.847], [9.561, 39.823], [9.599, 39.808], [9.601, 39.801], [9.561, 39.815], [9.544, 39.809], [9.472, 39.856], [9.443, 39.834], [9.432, 39.872], [9.381, 39.923], [9.391, 39.93], [9.441, 39.914]]]]}}, {"type": "Feature", "properties": {"comune": "Girasole", "provincia": "Ogliastra", "istat": "116007"}, "geometry": {"type": "Polygon", "coordinates": [[[9.68, 39.96], [9.663, 39.94], [9.619, 39.941], [9.613, 39.969], [9.68, 39.96]]]}}, {"type": "Feature", "properties": {"comune": "Ilbono", "provincia": "Ogliastra", "istat": "116008"}, "geometry": {"type": "Polygon", "coordinates": [[[9.596, 39.91], [9.649, 39.884], [9.649, 39.871], [9.618, 39.857], [9.578, 39.882], [9.512, 39.892], [9.596, 39.91]]]}}, {"type": "Feature", "properties": {"comune": "Jerzu", "provincia": "Ogliastra", "istat": "116009"}, "geometry": {"type": "MultiPolygon", "coordinates": [[[[9.59, 39.603], [9.594, 39.574], [9.554, 39.574], [9.524, 39.589], [9.526, 39.603], [9.561, 39.615], [9.59, 39.603]]], [[[9.572, 39.813], [9.611, 39.795], [9.611, 39.776], [9.603, 39.755], [9.575, 39.751], [9.577, 39.739], [9.542, 39.734], [9.51, 39.715], [9.46, 39.735], [9.483, 39.764], [9.481, 39.781], [9.513, 39.801], [9.539, 39.812], [9.544, 39.809], [9.547, 39.798], [9.551, 39.797], [9.572, 39.813]]]]}}, {"type": "Feature", "properties": {"comune": "Lanusei", "provincia": "Ogliastra", "istat": "116010"}, "geometry": {"type": "MultiPolygon", "coordinates": [[[[9.652, 39.634], [9.655, 39.611], [9.59, 39.603], [9.591, 39.617], [9.623, 39.625], [9.624, 39.636], [9.652, 39.634]]], [[[9.512, 39.892], [9.585, 39.877], [9.566, 39.853], [9.587, 39.83], [9.605, 39.834], [9.63, 39.824], [9.622, 39.817], [9.63, 39.805], [9.561, 39.823], [9.543, 39.847], [9.49, 39.886], [9.512, 39.892]]]]}}, {"type": "Feature", "properties": {"comune": "Loceri", "provincia": "Ogliastra", "istat": "116011"}, "geometry": {"type": "MultiPolygon", "coordinates": [[[[9.593, 39.619], [9.591, 39.626], [9.624, 39.635], [9.623, 39.625], [9.593, 39.619]]], [[[9.648, 39.644], [9.652, 39.634], [9.624, 39.636], [9.625, 39.647], [9.648, 39.644]]], [[[9.624, 39.857], [9.63, 39.824], [9.605, 39.834], [9.587, 39.83], [9.566, 39.855], [9.585, 39.877], [9.624, 39.857]]]]}}, {"type": "Feature", "properties": {"comune": "Lotzorai", "provincia": "Ogliastra", "istat": "116012"}, "geometry": {"type": "MultiPolygon", "coordinates": [[[[9.703, 39.973], [9.706, 39.975], [9.706, 39.974], [9.703, 39.973]]], [[[9.707, 39.976], [9.707, 39.976], [9.707, 39.977], [9.707, 39.976]]], [[[9.708, 39.976], [9.708, 39.977], [9.709, 39.976], [9.708, 39.976]]], [[[9.63, 39.994], [9.688, 39.986], [9.687, 39.948], [9.678, 39.962], [9.611, 39.974], [9.63, 39.994]]]]}}, {"type": "Feature", "properties": {"comune": "Osini", "provincia": "Ogliastra", "istat": "116013"}, "geometry": {"type": "MultiPolygon", "coordinates": [[[[9.586, 39.636], [9.59, 39.603], [9.578, 39.602], [9.553, 39.632], [9.586, 39.636]]], [[[9.622, 39.739], [9.577, 39.739], [9.574, 39.75], [9.603, 39.755], [9.61, 39.774], [9.622, 39.759], [9.622, 39.739]]], [[[9.544, 39.809], [9.561, 39.815], [9.567, 39.812], [9.551, 39.797], [9.544, 39.809]]], [[[9.531, 39.818], [9.442, 39.811], [9.428, 39.821], [9.472, 39.856], [9.531, 39.818]]]]}}, {"type": "Feature", "properties": {"comune": "Perdasdefogu", "provincia": "Ogliastra", "istat": "116014"}, "geometry": {"type": "Polygon", "coordinates": [[[9.508, 39.628], [9.486, 39.617], [9.471, 39.635], [9.441, 39.641], [9.417, 39.617], [9.418, 39.628], [9.398, 39.653], [9.399, 39.704], [9.416, 39.714], [9.436, 39.707], [9.465, 39.713], [9.492, 39.7], [9.511, 39.655], [9.508, 39.628]]]}}, {"type": "Feature", "properties": {"comune": "Talana", "provincia": "Ogliastra", "istat": "116015"}, "geometry": {"type": "Polygon", "coordinates": [[[9.548, 40.047], [9.55, 40.037], [9.589, 40.036], [9.593, 40.014], [9.625, 39.988], [9.614, 39.975], [9.504, 40.0], [9.415, 40.008], [9.418, 40.059], [9.407, 40.094], [9.437, 40.109], [9.477, 40.065], [9.548, 40.047]]]}}, {"type": "Feature", "properties": {"comune": "Tertenia", "provincia": "Ogliastra", "istat": "116016"}, "geometry": {"type": "MultiPolygon", "coordinates": [[[[9.672, 39.705], [9.671, 39.704], [9.671, 39.705], [9.672, 39.705]]], [[[9.577, 39.739], [9.622, 39.739], [9.633, 39.721], [9.676, 39.726], [9.648, 39.644], [9.625, 39.647], [9.616, 39.629], [9.591, 39.626], [9.586, 39.636], [9.557, 39.629], [9.526, 39.646], [9.545, 39.653], [9.538, 39.716], [9.528, 39.725], [9.577, 39.739]]]]}}, {"type": "Feature", "properties": {"comune": "Tortolì", "provincia": "Ogliastra", "istat": "116017"}, "geometry": {"type": "Polygon", "coordinates": [[[9.68, 39.96], [9.7, 39.936], [9.711, 39.939], [9.716, 39.928], [9.684, 39.907], [9.685, 39.866], [9.661, 39.869], [9.619, 39.918], [9.627, 39.936], [9.619, 39.941], [9.663, 39.94], [9.68, 39.96]]]}}, {"type": "Feature", "properties": {"comune": "Triei", "provincia": "Ogliastra", "istat": "116018"}, "geometry": {"type": "MultiPolygon", "coordinates": [[[[9.657, 39.988], [9.611, 39.995], [9.593, 40.014], [9.591, 40.033], [9.646, 40.043], [9.67, 40.01], [9.657, 39.988]]], [[[9.589, 40.036], [9.558, 40.036], [9.545, 40.039], [9.561, 40.052], [9.589, 40.036]]]]}}, {"type": "Feature", "properties": {"comune": "Ulassai", "provincia": "Ogliastra", "istat": "116019"}, "geometry": {"type": "Polygon", "coordinates": [[[9.531, 39.818], [9.539, 39.812], [9.483, 39.783], [9.483, 39.764], [9.46, 39.735], [9.51, 39.715], [9.528, 39.725], [9.538, 39.716], [9.545, 39.653], [9.526, 39.646], [9.553, 39.632], [9.561, 39.615], [9.52, 39.603], [9.51, 39.61], [9.511, 39.655], [9.492, 39.7], [9.465, 39.713], [9.436, 39.707], [9.416, 39.714], [9.399, 39.704], [9.386, 39.724], [9.4, 39.734], [9.406, 39.757], [9.426, 39.762], [9.424, 39.821], [9.442, 39.811], [9.531, 39.818]]]}}, {"type": "Feature", "properties": {"comune": "Urzulei", "provincia": "Ogliastra", "istat": "116020"}, "geometry": {"type": "Polygon", "coordinates": [[[9.548, 40.047], [9.477, 40.065], [9.437, 40.103], [9.454, 40.142], [9.476, 40.148], [9.492, 40.181], [9.516, 40.19], [9.526, 40.219], [9.577, 40.191], [9.561, 40.154], [9.563, 40.123], [9.552, 40.1], [9.548, 40.047]]]}}, {"type": "Feature", "properties": {"comune": "Ussassai", "provincia": "Ogliastra", "istat": "116021"}, "geometry": {"type": "Polygon", "coordinates": [[[9.443, 39.834], [9.423, 39.82], [9.423, 39.761], [9.406, 39.757], [9.362, 39.803], [9.362, 39.814], [9.377, 39.822], [9.37, 39.84], [9.404, 39.848], [9.417, 39.884], [9.432, 39.872], [9.443, 39.834]]]}}, {"type": "Feature", "properties": {"comune": "Villagrande Strisaili", "provincia": "Ogliastra", "istat": "116022"}, "geometry": {"type": "Polygon", "coordinates": [[[9.407, 40.094], [9.418, 40.059], [9.415, 40.008], [9.504, 40.0], [9.609, 39.976], [9.627, 39.936], [9.617, 39.927], [9.575, 39.946], [9.486, 39.928], [9.437, 39.934], [9.403, 39.945], [9.376, 39.978], [9.321, 39.996], [9.319, 40.008], [9.298, 40.021], [9.294, 40.032], [9.319, 40.039], [9.337, 40.072], [9.371, 40.074], [9.392, 40.093], [9.407, 40.094]]]}}, {"type": "Feature", "properties": {"comune": "Seui", "provincia": "Ogliastra", "istat": "116023"}, "geometry": {"type": "MultiPolygon", "coordinates": [[[[9.399, 39.704], [9.402, 39.686], [9.383, 39.696], [9.353, 39.688], [9.349, 39.702], [9.386, 39.715], [9.399, 39.704]]], [[[9.38, 39.918], [9.417, 39.884], [9.405, 39.849], [9.37, 39.841], [9.377, 39.822], [9.362, 39.813], [9.363, 39.802], [9.409, 39.754], [9.398, 39.733], [9.36, 39.754], [9.354, 39.775], [9.34, 39.787], [9.298, 39.808], [9.285, 39.804], [9.292, 39.828], [9.273, 39.851], [9.283, 39.876], [9.274, 39.904], [9.282, 39.917], [9.354, 39.904], [9.38, 39.918]]]]}}, {"type": "Feature", "properties": {"comune": "Arbus", "provincia": "Medio Campidano", "istat": "117001"}, "geometry": {"type": "Polygon", "coordinates": [[[8.503, 39.714], [8.522, 39.691], [8.516, 39.677], [8.519, 39.658], [8.532, 39.652], [8.532, 39.61], [8.568, 39.591], [8.572, 39.566], [8.563, 39.557], [8.537, 39.569], [8.519, 39.554], [8.537, 39.543], [8.568, 39.554], [8.597, 39.55], [8.62, 39.514], [8.569, 39.489], [8.547, 39.459], [8.535, 39.477], [8.496, 39.483], [8.452, 39.462], [8.436, 39.471], [8.415, 39.466], [8.393, 39.447], [8.382, 39.456], [8.387, 39.476], [8.45, 39.545], [8.471, 39.599], [8.452, 39.625], [8.457, 39.67], [8.445, 39.678], [8.455, 39.709], [8.447, 39.718], [8.444, 39.754], [8.451, 39.769], [8.499, 39.717], [8.489, 39.716], [8.503, 39.714]]]}}, {"type": "Feature", "properties": {"comune": "Barumini", "provincia": "Medio Campidano", "istat": "117002"}, "geometry": {"type": "Polygon", "coordinates": [[[9.056, 39.697], [9.048, 39.69], [9.049, 39.661], [9.015, 39.67], [8.978, 39.694], [8.993, 39.725], [9.056, 39.697]]]}}, {"type": "Feature", "properties": {"comune": "Collinas", "provincia": "Medio Campidano", "istat": "117003"}, "geometry": {"type": "Polygon", "coordinates": [[[8.784, 39.654], [8.863, 39.662], [8.868, 39.648], [8.85, 39.622], [8.783, 39.644], [8.784, 39.654]]]}}, {"type": "Feature", "properties": {"comune": "Furtei", "provincia": "Medio Campidano", "istat": "117004"}, "geometry": {"type": "Polygon", "coordinates": [[[8.967, 39.591], [8.96, 39.567], [8.983, 39.532], [8.948, 39.524], [8.926, 39.539], [8.929, 39.585], [8.944, 39.599], [8.967, 39.591]]]}}, {"type": "Feature", "properties": {"comune": "Genuri", "provincia": "Medio Campidano", "istat": "117005"}, "geometry": {"type": "Polygon", "coordinates": [[[8.924, 39.758], [8.942, 39.744], [8.924, 39.725], [8.902, 39.733], [8.924, 39.758]]]}}, {"type": "Feature", "properties": {"comune": "Gesturi", "provincia": "Medio Campidano", "istat": "117006"}, "geometry": {"type": "Polygon", "coordinates": [[[9.002, 39.761], [9.074, 39.75], [9.055, 39.731], [9.062, 39.721], [9.056, 39.697], [8.956, 39.75], [8.936, 39.78], [8.979, 39.78], [9.002, 39.761]]]}}, {"type": "Feature", "properties": {"comune": "Gonnosfanadiga", "provincia": "Medio Campidano", "istat": "117007"}, "geometry": {"type": "MultiPolygon", "coordinates": [[[[8.737, 39.504], [8.665, 39.476], [8.67, 39.453], [8.612, 39.423], [8.584, 39.431], [8.582, 39.445], [8.547, 39.459], [8.569, 39.489], [8.62, 39.514], [8.637, 39.508], [8.679, 39.555], [8.707, 39.567], [8.737, 39.504]]], [[[8.557, 39.594], [8.532, 39.61], [8.529, 39.642], [8.574, 39.63], [8.557, 39.594]]]]}}, {"type": "Feature", "properties": {"comune": "Guspini", "provincia": "Medio Campidano", "istat": "117008"}, "geometry": {"type": "Polygon", "coordinates": [[[8.608, 39.69], [8.628, 39.655], [8.662, 39.641], [8.688, 39.609], [8.69, 39.563], [8.635, 39.507], [8.62, 39.514], [8.597, 39.55], [8.568, 39.554], [8.537, 39.543], [8.518, 39.556], [8.537, 39.569], [8.563, 39.557], [8.572, 39.566], [8.568, 39.591], [8.557, 39.594], [8.574, 39.63], [8.529, 39.642], [8.532, 39.652], [8.519, 39.658], [8.521, 39.693], [8.608, 39.69]]]}}, {"type": "Feature", "properties": {"comune": "Las Plassas", "provincia": "Medio Campidano", "istat": "117009"}, "geometry": {"type": "Polygon", "coordinates": [[[9.014, 39.671], [8.958, 39.657], [8.956, 39.668], [8.96, 39.683], [8.978, 39.694], [9.014, 39.671]]]}}, {"type": "Feature", "properties": {"comune": "Lunamatrona", "provincia": "Medio Campidano", "istat": "117010"}, "geometry": {"type": "Polygon", "coordinates": [[[8.903, 39.659], [8.935, 39.637], [8.92, 39.61], [8.899, 39.613], [8.863, 39.662], [8.903, 39.659]]]}}, {"type": "Feature", "properties": {"comune": "Pabillonis", "provincia": "Medio Campidano", "istat": "117011"}, "geometry": {"type": "Polygon", "coordinates": [[[8.73, 39.639], [8.75, 39.619], [8.742, 39.587], [8.69, 39.563], [8.688, 39.609], [8.671, 39.631], [8.697, 39.645], [8.73, 39.639]]]}}, {"type": "Feature", "properties": {"comune": "Pauli Arbarei", "provincia": "Medio Campidano", "istat": "117012"}, "geometry": {"type": "Polygon", "coordinates": [[[8.908, 39.678], [8.956, 39.67], [8.959, 39.654], [8.935, 39.637], [8.903, 39.659], [8.908, 39.678]]]}}, {"type": "Feature", "properties": {"comune": "Samassi", "provincia": "Medio Campidano", "istat": "117013"}, "geometry": {"type": "Polygon", "coordinates": [[[8.926, 39.539], [8.921, 39.53], [8.955, 39.466], [8.884, 39.449], [8.86, 39.484], [8.878, 39.481], [8.874, 39.498], [8.882, 39.511], [8.926, 39.539]]]}}, {"type": "Feature", "properties": {"comune": "San Gavino Monreale", "provincia": "Medio Campidano", "istat": "117014"}, "geometry": {"type": "Polygon", "coordinates": [[[8.855, 39.572], [8.835, 39.529], [8.818, 39.515], [8.737, 39.504], [8.707, 39.567], [8.748, 39.596], [8.855, 39.572]]]}}, {"type": "Feature", "properties": {"comune": "Sanluri", "provincia": "Medio Campidano", "istat": "117015"}, "geometry": {"type": "Polygon", "coordinates": [[[8.92, 39.61], [8.943, 39.597], [8.929, 39.585], [8.929, 39.541], [8.882, 39.511], [8.874, 39.498], [8.878, 39.481], [8.824, 39.487], [8.815, 39.511], [8.835, 39.529], [8.869, 39.595], [8.888, 39.609], [8.92, 39.61]]]}}, {"type": "Feature", "properties": {"comune": "Sardara", "provincia": "Medio Campidano", "istat": "117016"}, "geometry": {"type": "Polygon", "coordinates": [[[8.85, 39.622], [8.88, 39.604], [8.852, 39.571], [8.742, 39.595], [8.75, 39.619], [8.743, 39.627], [8.782, 39.649], [8.787, 39.64], [8.85, 39.622]]]}}, {"type": "Feature", "properties": {"comune": "Segariu", "provincia": "Medio Campidano", "istat": "117017"}, "geometry": {"type": "Polygon", "coordinates": [[[9.011, 39.587], [9.0, 39.554], [8.983, 39.534], [8.96, 39.567], [8.967, 39.591], [8.981, 39.598], [9.011, 39.587]]]}}, {"type": "Feature", "properties": {"comune": "Serramanna", "provincia": "Medio Campidano", "istat": "117018"}, "geometry": {"type": "Polygon", "coordinates": [[[8.86, 39.484], [8.884, 39.449], [8.957, 39.466], [8.978, 39.422], [8.908, 39.398], [8.827, 39.415], [8.827, 39.486], [8.86, 39.484]]]}}, {"type": "Feature", "properties": {"comune": "Serrenti", "provincia": "Medio Campidano", "istat": "117019"}, "geometry": {"type": "Polygon", "coordinates": [[[8.949, 39.523], [9.007, 39.528], [9.015, 39.486], [8.988, 39.468], [8.959, 39.463], [8.921, 39.53], [8.926, 39.539], [8.949, 39.523]]]}}, {"type": "Feature", "properties": {"comune": "Setzu", "provincia": "Medio Campidano", "istat": "117020"}, "geometry": {"type": "Polygon", "coordinates": [[[8.936, 39.71], [8.92, 39.724], [8.942, 39.744], [8.935, 39.755], [8.941, 39.765], [8.956, 39.75], [8.936, 39.71]]]}}, {"type": "Feature", "properties": {"comune": "Siddi", "provincia": "Medio Campidano", "istat": "117021"}, "geometry": {"type": "Polygon", "coordinates": [[[8.908, 39.678], [8.902, 39.658], [8.85, 39.664], [8.877, 39.692], [8.908, 39.678]]]}}, {"type": "Feature", "properties": {"comune": "Tuili", "provincia": "Medio Campidano", "istat": "117022"}, "geometry": {"type": "Polygon", "coordinates": [[[8.993, 39.728], [8.956, 39.67], [8.939, 39.692], [8.937, 39.711], [8.956, 39.75], [8.981, 39.743], [8.993, 39.728]]]}}, {"type": "Feature", "properties": {"comune": "Turri", "provincia": "Medio Campidano", "istat": "117023"}, "geometry": {"type": "Polygon", "coordinates": [[[8.92, 39.724], [8.936, 39.71], [8.946, 39.68], [8.894, 39.709], [8.92, 39.724]]]}}, {"type": "Feature", "properties": {"comune": "Ussaramanna", "provincia": "Medio Campidano", "istat": "117024"}, "geometry": {"type": "Polygon", "coordinates": [[[8.94, 39.678], [8.913, 39.677], [8.877, 39.692], [8.894, 39.709], [8.94, 39.678]]]}}, {"type": "Feature", "properties": {"comune": "Villacidro", "provincia": "Medio Campidano", "istat": "117025"}, "geometry": {"type": "Polygon", "coordinates": [[[8.818, 39.515], [8.832, 39.444], [8.821, 39.407], [8.757, 39.405], [8.699, 39.375], [8.691, 39.382], [8.678, 39.376], [8.64, 39.383], [8.617, 39.418], [8.617, 39.426], [8.67, 39.453], [8.665, 39.475], [8.681, 39.484], [8.737, 39.504], [8.818, 39.515]]]}}, {"type": "Feature", "properties": {"comune": "Villamar", "provincia": "Medio Campidano", "istat": "117026"}, "geometry": {"type": "Polygon", "coordinates": [[[8.967, 39.658], [9.005, 39.618], [9.026, 39.618], [9.014, 39.587], [9.004, 39.584], [8.981, 39.598], [8.96, 39.592], [8.92, 39.61], [8.935, 39.637], [8.967, 39.658]]]}}, {"type": "Feature", "properties": {"comune": "Villanovaforru", "provincia": "Medio Campidano", "istat": "117027"}, "geometry": {"type": "Polygon", "coordinates": [[[8.903, 39.611], [8.88, 39.604], [8.85, 39.622], [8.852, 39.633], [8.868, 39.647], [8.903, 39.611]]]}}, {"type": "Feature", "properties": {"comune": "Villanovafranca", "provincia": "Medio Campidano", "istat": "117028"}, "geometry": {"type": "Polygon", "coordinates": [[[9.049, 39.661], [9.046, 39.641], [9.023, 39.618], [9.005, 39.618], [8.966, 39.659], [9.014, 39.671], [9.049, 39.661]]]}}, {"type": "Feature", "properties": {"comune": "Armungia", "provincia": "Cagliari", "istat": "118001"}, "geometry": {"type": "Polygon", "coordinates": [[[9.488, 39.549], [9.473, 39.528], [9.353, 39.5], [9.34, 39.508], [9.35, 39.537], [9.379, 39.543], [9.384, 39.553], [9.426, 39.567], [9.442, 39.583], [9.488, 39.549]]]}}, {"type": "Feature", "properties": {"comune": "Assemini", "provincia": "Cagliari", "istat": "118002"}, "geometry": {"type": "MultiPolygon", "coordinates": [[[[8.962, 39.185], [8.944, 39.177], [8.925, 39.131], [8.894, 39.123], [8.897, 39.115], [8.885, 39.107], [8.849, 39.099], [8.822, 39.119], [8.826, 39.149], [8.906, 39.157], [8.943, 39.203], [8.962, 39.185]]], [[[9.075, 39.271], [9.024, 39.281], [9.011, 39.266], [9.029, 39.251], [9.011, 39.245], [9.032, 39.227], [9.04, 39.234], [9.024, 39.201], [9.031, 39.19], [8.976, 39.187], [8.971, 39.212], [8.986, 39.219], [8.975, 39.251], [8.992, 39.27], [8.97, 39.296], [8.993, 39.319], [9.027, 39.333], [9.075, 39.271]]]]}}, {"type": "Feature", "properties": {"comune": "Ballao", "provincia": "Cagliari", "istat": "118003"}, "geometry": {"type": "Polygon", "coordinates": [[[9.442, 39.583], [9.426, 39.567], [9.384, 39.553], [9.379, 39.543], [9.338, 39.535], [9.331, 39.56], [9.314, 39.575], [9.387, 39.587], [9.396, 39.612], [9.417, 39.617], [9.431, 39.609], [9.442, 39.583]]]}}, {"type": "Feature", "properties": {"comune": "Barrali", "provincia": "Cagliari", "istat": "118004"}, "geometry": {"type": "Polygon", "coordinates": [[[9.138, 39.47], [9.098, 39.459], [9.08, 39.472], [9.093, 39.499], [9.138, 39.47]]]}}, {"type": "Feature", "properties": {"comune": "Burcei", "provincia": "Cagliari", "istat": "118005"}, "geometry": {"type": "Polygon", "coordinates": [[[9.41, 39.424], [9.415, 39.404], [9.441, 39.396], [9.453, 39.382], [9.449, 39.37], [9.47, 39.359], [9.455, 39.323], [9.425, 39.306], [9.405, 39.317], [9.366, 39.315], [9.331, 39.35], [9.37, 39.396], [9.369, 39.423], [9.41, 39.424]]]}}, {"type": "Feature", "properties": {"comune": "Cagliari", "provincia": "Cagliari", "istat": "118006"}, "geometry": {"type": "Polygon", "coordinates": [[[9.098, 39.282], [9.103, 39.252], [9.124, 39.262], [9.155, 39.243], [9.152, 39.218], [9.178, 39.225], [9.182, 39.216], [9.16, 39.196], [9.169, 39.189], [9.149, 39.184], [9.111, 39.214], [9.068, 39.198], [9.026, 39.158], [9.017, 39.159], [9.031, 39.191], [9.024, 39.201], [9.028, 39.218], [9.04, 39.231], [9.032, 39.227], [9.012, 39.24], [9.029, 39.251], [9.011, 39.266], [9.033, 39.27], [9.048, 39.245], [9.064, 39.238], [9.08, 39.248], [9.075, 39.271], [9.098, 39.282]]]}}, {"type": "Feature", "properties": {"comune": "Capoterra", "provincia": "Cagliari", "istat": "118007"}, "geometry": {"type": "Polygon", "coordinates": [[[9.029, 39.188], [9.016, 39.162], [9.026, 39.158], [9.009, 39.121], [8.922, 39.102], [8.894, 39.12], [8.925, 39.131], [8.927, 39.149], [8.951, 39.183], [9.002, 39.193], [9.029, 39.188]]]}}, {"type": "Feature", "properties": {"comune": "Castiadas", "provincia": "Cagliari", "istat": "118008"}, "geometry": {"type": "Polygon", "coordinates": [[[9.527, 39.315], [9.527, 39.292], [9.57, 39.282], [9.552, 39.263], [9.572, 39.237], [9.563, 39.195], [9.579, 39.178], [9.568, 39.153], [9.53, 39.189], [9.486, 39.207], [9.45, 39.262], [9.497, 39.311], [9.509, 39.319], [9.527, 39.315]]]}}, {"type": "Feature", "properties": {"comune": "Decimomannu", "provincia": "Cagliari", "istat": "118009"}, "geometry": {"type": "MultiPolygon", "coordinates": [[[[8.861, 39.231], [8.852, 39.238], [8.861, 39.273], [8.89, 39.287], [8.876, 39.245], [8.861, 39.231]]], [[[9.006, 39.327], [8.97, 39.296], [8.941, 39.309], [8.94, 39.325], [8.962, 39.342], [8.978, 39.343], [9.006, 39.327]]]]}}, {"type": "Feature", "properties": {"comune": "Decimoputzu", "provincia": "Cagliari", "istat": "118010"}, "geometry": {"type": "Polygon", "coordinates": [[[8.951, 39.335], [8.867, 39.307], [8.822, 39.327], [8.85, 39.352], [8.843, 39.374], [8.85, 39.384], [8.895, 39.357], [8.945, 39.351], [8.951, 39.335]]]}}, {"type": "Feature", "properties": {"comune": "Dolianova", "provincia": "Cagliari", "istat": "118011"}, "geometry": {"type": "Polygon", "coordinates": [[[9.24, 39.469], [9.241, 39.451], [9.281, 39.414], [9.267, 39.376], [9.24, 39.347], [9.161, 39.35], [9.17, 39.379], [9.137, 39.383], [9.131, 39.392], [9.159, 39.402], [9.167, 39.39], [9.182, 39.393], [9.213, 39.424], [9.22, 39.461], [9.24, 39.469]]]}}, {"type": "Feature", "properties": {"comune": "Domus de Maria", "provincia": "Cagliari", "istat": "118012"}, "geometry": {"type": "MultiPolygon", "coordinates": [[[[8.864, 38.883], [8.865, 38.881], [8.864, 38.882], [8.864, 38.883]]], [[[8.89, 38.898], [8.891, 38.897], [8.89, 38.898], [8.89, 38.898]]], [[[8.783, 38.898], [8.771, 38.931], [8.794, 38.937], [8.797, 38.92], [8.783, 38.898]]], [[[8.911, 38.915], [8.903, 38.905], [8.861, 38.882], [8.855, 38.876], [8.839, 38.88], [8.815, 39.005], [8.832, 39.047], [8.91, 38.957], [8.904, 38.924], [8.911, 38.915]]]]}}, {"type": "Feature", "properties": {"comune": "Donori", "provincia": "Cagliari", "istat": "118013"}, "geometry": {"type": "Polygon", "coordinates": [[[9.184, 39.447], [9.179, 39.427], [9.155, 39.418], [9.136, 39.423], [9.114, 39.412], [9.083, 39.45], [9.138, 39.47], [9.184, 39.447]]]}}, {"type": "Feature", "properties": {"comune": "Elmas", "provincia": "Cagliari", "istat": "118014"}, "geometry": {"type": "Polygon", "coordinates": [[[9.075, 39.271], [9.08, 39.248], [9.064, 39.238], [9.048, 39.245], [9.033, 39.27], [9.015, 39.268], [9.034, 39.285], [9.075, 39.271]]]}}, {"type": "Feature", "properties": {"comune": "Escalaplano", "provincia": "Cagliari", "istat": "118015"}, "geometry": {"type": "Polygon", "coordinates": [[[9.402, 39.686], [9.398, 39.653], [9.419, 39.623], [9.395, 39.61], [9.389, 39.588], [9.315, 39.578], [9.311, 39.59], [9.293, 39.595], [9.312, 39.619], [9.303, 39.643], [9.31, 39.674], [9.321, 39.683], [9.381, 39.696], [9.402, 39.686]]]}}, {"type": "Feature", "properties": {"comune": "Escolca", "provincia": "Cagliari", "istat": "118016"}, "geometry": {"type": "MultiPolygon", "coordinates": [[[[9.074, 39.658], [9.058, 39.638], [9.046, 39.641], [9.049, 39.663], [9.074, 39.658]]], [[[9.147, 39.678], [9.137, 39.673], [9.11, 39.683], [9.118, 39.712], [9.148, 39.693], [9.147, 39.678]]]]}}, {"type": "Feature", "properties": {"comune": "Esterzili", "provincia": "Cagliari", "istat": "118017"}, "geometry": {"type": "Polygon", "coordinates": [[[9.397, 39.734], [9.386, 39.715], [9.349, 39.702], [9.353, 39.688], [9.31, 39.674], [9.287, 39.714], [9.241, 39.742], [9.263, 39.738], [9.257, 39.766], [9.264, 39.787], [9.297, 39.808], [9.34, 39.787], [9.354, 39.775], [9.36, 39.754], [9.397, 39.734]]]}}, {"type": "Feature", "properties": {"comune": "Genoni", "provincia": "Cagliari", "istat": "118018"}, "geometry": {"type": "Polygon", "coordinates": [[[9.042, 39.803], [9.002, 39.761], [8.979, 39.78], [8.953, 39.778], [8.939, 39.783], [8.935, 39.755], [8.893, 39.773], [8.887, 39.787], [8.911, 39.795], [8.953, 39.779], [8.987, 39.826], [9.014, 39.826], [9.042, 39.803]]]}}, {"type": "Feature", "properties": {"comune": "Gergei", "provincia": "Cagliari", "istat": "118019"}, "geometry": {"type": "Polygon", "coordinates": [[[9.107, 39.719], [9.101, 39.712], [9.118, 39.712], [9.109, 39.684], [9.12, 39.675], [9.074, 39.658], [9.049, 39.663], [9.048, 39.69], [9.062, 39.721], [9.055, 39.731], [9.072, 39.746], [9.079, 39.727], [9.107, 39.719]]]}}, {"type": "Feature", "properties": {"comune": "Gesico", "provincia": "Cagliari", "istat": "118020"}, "geometry": {"type": "Polygon", "coordinates": [[[9.046, 39.641], [9.102, 39.636], [9.129, 39.623], [9.137, 39.609], [9.13, 39.601], [9.075, 39.604], [9.035, 39.626], [9.046, 39.641]]]}}, {"type": "Feature", "properties": {"comune": "Goni", "provincia": "Cagliari", "istat": "118021"}, "geometry": {"type": "Polygon", "coordinates": [[[9.315, 39.578], [9.302, 39.559], [9.265, 39.554], [9.249, 39.54], [9.25, 39.557], [9.279, 39.597], [9.297, 39.603], [9.293, 39.595], [9.311, 39.59], [9.315, 39.578]]]}}, {"type": "Feature", "properties": {"comune": "Guamaggiore", "provincia": "Cagliari", "istat": "118022"}, "geometry": {"type": "Polygon", "coordinates": [[[9.07, 39.607], [9.088, 39.579], [9.086, 39.554], [9.064, 39.553], [9.041, 39.607], [9.043, 39.622], [9.07, 39.607]]]}}, {"type": "Feature", "properties": {"comune": "Guasila", "provincia": "Cagliari", "istat": "118023"}, "geometry": {"type": "Polygon", "coordinates": [[[9.043, 39.622], [9.041, 39.607], [9.069, 39.552], [9.053, 39.524], [9.039, 39.519], [9.029, 39.529], [8.983, 39.532], [9.026, 39.618], [9.043, 39.622]]]}}, {"type": "Feature", "properties": {"comune": "Isili", "provincia": "Cagliari", "istat": "118024"}, "geometry": {"type": "Polygon", "coordinates": [[[9.18, 39.75], [9.176, 39.738], [9.13, 39.718], [9.079, 39.727], [9.072, 39.746], [9.125, 39.803], [9.134, 39.827], [9.128, 39.84], [9.145, 39.845], [9.165, 39.829], [9.158, 39.787], [9.167, 39.758], [9.18, 39.75]]]}}, {"type": "Feature", "properties": {"comune": "Mandas", "provincia": "Cagliari", "istat": "118025"}, "geometry": {"type": "Polygon", "coordinates": [[[9.17, 39.667], [9.174, 39.65], [9.19, 39.642], [9.147, 39.614], [9.101, 39.636], [9.058, 39.638], [9.081, 39.664], [9.112, 39.675], [9.147, 39.678], [9.17, 39.667]]]}}, {"type": "Feature", "properties": {"comune": "Maracalagonis", "provincia": "Cagliari", "istat": "118026"}, "geometry": {"type": "Polygon", "coordinates": [[[9.465, 39.24], [9.486, 39.207], [9.477, 39.186], [9.429, 39.181], [9.401, 39.141], [9.392, 39.145], [9.377, 39.185], [9.397, 39.218], [9.386, 39.25], [9.295, 39.267], [9.232, 39.263], [9.205, 39.283], [9.25, 39.303], [9.261, 39.285], [9.31, 39.298], [9.338, 39.276], [9.383, 39.273], [9.397, 39.242], [9.418, 39.244], [9.437, 39.233], [9.465, 39.24]]]}}, {"type": "Feature", "properties": {"comune": "Monastir", "provincia": "Cagliari", "istat": "118027"}, "geometry": {"type": "Polygon", "coordinates": [[[9.064, 39.419], [9.056, 39.399], [9.085, 39.357], [9.06, 39.341], [9.052, 39.357], [9.009, 39.381], [9.003, 39.404], [9.064, 39.419]]]}}, {"type": "Feature", "properties": {"comune": "Monserrato", "provincia": "Cagliari", "istat": "118028"}, "geometry": {"type": "Polygon", "coordinates": [[[9.154, 39.246], [9.128, 39.258], [9.115, 39.278], [9.131, 39.281], [9.154, 39.246]]]}}, {"type": "Feature", "properties": {"comune": "Muravera", "provincia": "Cagliari", "istat": "118029"}, "geometry": {"type": "MultiPolygon", "coordinates": [[[[9.627, 39.308], [9.628, 39.308], [9.627, 39.308], [9.627, 39.308]]], [[[9.621, 39.413], [9.602, 39.371], [9.598, 39.336], [9.606, 39.317], [9.634, 39.299], [9.602, 39.291], [9.57, 39.238], [9.552, 39.263], [9.57, 39.282], [9.527, 39.292], [9.532, 39.335], [9.555, 39.344], [9.57, 39.36], [9.56, 39.393], [9.542, 39.402], [9.551, 39.421], [9.584, 39.432], [9.621, 39.413]]]]}}, {"type": "Feature", "properties": {"comune": "Nuragus", "provincia": "Cagliari", "istat": "118030"}, "geometry": {"type": "Polygon", "coordinates": [[[9.054, 39.801], [9.061, 39.781], [9.084, 39.765], [9.074, 39.75], [9.002, 39.761], [9.042, 39.803], [9.054, 39.801]]]}}, {"type": "Feature", "properties": {"comune": "Nurallao", "provincia": "Cagliari", "istat": "118031"}, "geometry": {"type": "Polygon", "coordinates": [[[9.084, 39.765], [9.061, 39.781], [9.055, 39.803], [9.1, 39.831], [9.114, 39.85], [9.132, 39.834], [9.13, 39.816], [9.115, 39.79], [9.084, 39.765]]]}}, {"type": "Feature", "properties": {"comune": "Nuraminis", "provincia": "Cagliari", "istat": "118032"}, "geometry": {"type": "Polygon", "coordinates": [[[9.063, 39.448], [9.064, 39.419], [9.003, 39.404], [8.978, 39.422], [8.957, 39.466], [9.007, 39.478], [9.063, 39.448]]]}}, {"type": "Feature", "properties": {"comune": "Nurri", "provincia": "Cagliari", "istat": "118033"}, "geometry": {"type": "Polygon", "coordinates": [[[9.234, 39.758], [9.252, 39.731], [9.29, 39.71], [9.299, 39.689], [9.251, 39.706], [9.222, 39.667], [9.201, 39.66], [9.194, 39.642], [9.181, 39.644], [9.171, 39.661], [9.178, 39.691], [9.166, 39.726], [9.186, 39.754], [9.234, 39.758]]]}}, {"type": "Feature", "properties": {"comune": "Orroli", "provincia": "Cagliari", "istat": "118034"}, "geometry": {"type": "Polygon", "coordinates": [[[9.299, 39.689], [9.315, 39.671], [9.303, 39.643], [9.312, 39.619], [9.305, 39.606], [9.255, 39.607], [9.238, 39.623], [9.199, 39.633], [9.199, 39.658], [9.222, 39.667], [9.242, 39.701], [9.253, 39.706], [9.299, 39.689]]]}}, {"type": "Feature", "properties": {"comune": "Ortacesus", "provincia": "Cagliari", "istat": "118035"}, "geometry": {"type": "Polygon", "coordinates": [[[9.086, 39.554], [9.109, 39.541], [9.108, 39.516], [9.126, 39.492], [9.122, 39.484], [9.051, 39.525], [9.069, 39.552], [9.086, 39.554]]]}}, {"type": "Feature", "properties": {"comune": "Pimentel", "provincia": "Cagliari", "istat": "118036"}, "geometry": {"type": "Polygon", "coordinates": [[[9.093, 39.499], [9.08, 39.472], [9.049, 39.489], [9.039, 39.519], [9.053, 39.524], [9.093, 39.499]]]}}, {"type": "Feature", "properties": {"comune": "Pula", "provincia": "Cagliari", "istat": "118037"}, "geometry": {"type": "MultiPolygon", "coordinates": [[[[9.023, 38.985], [9.024, 38.985], [9.022, 38.985], [9.023, 38.985]]], [[[9.033, 39.003], [9.031, 39.004], [9.033, 39.004], [9.033, 39.003]]], [[[9.019, 39.023], [9.027, 39.001], [9.014, 38.986], [9.0, 38.986], [8.911, 38.915], [8.904, 38.924], [8.91, 38.957], [8.832, 39.047], [8.853, 39.085], [8.868, 39.084], [8.949, 39.033], [9.019, 39.023]]]]}}, {"type": "Feature", "properties": {"comune": "Quartu Sant'Elena", "provincia": "Cagliari", "istat": "118038"}, "geometry": {"type": "Polygon", "coordinates": [[[9.154, 39.244], [9.251, 39.262], [9.299, 39.237], [9.35, 39.252], [9.386, 39.25], [9.397, 39.222], [9.377, 39.187], [9.384, 39.163], [9.297, 39.213], [9.247, 39.217], [9.226, 39.228], [9.152, 39.218], [9.154, 39.244]]]}}, {"type": "Feature", "properties": {"comune": "Quartucciu", "provincia": "Cagliari", "istat": "118039"}, "geometry": {"type": "MultiPolygon", "coordinates": [[[[9.384, 39.25], [9.35, 39.252], [9.299, 39.237], [9.25, 39.262], [9.295, 39.267], [9.384, 39.25]]], [[[9.206, 39.284], [9.23, 39.263], [9.201, 39.261], [9.177, 39.246], [9.164, 39.243], [9.155, 39.243], [9.153, 39.245], [9.178, 39.258], [9.19, 39.28], [9.206, 39.284]]]]}}, {"type": "Feature", "properties": {"comune": "Sadali", "provincia": "Cagliari", "istat": "118040"}, "geometry": {"type": "Polygon", "coordinates": [[[9.273, 39.851], [9.293, 39.816], [9.264, 39.787], [9.261, 39.738], [9.24, 39.743], [9.209, 39.823], [9.227, 39.841], [9.273, 39.851]]]}}, {"type": "Feature", "properties": {"comune": "Samatzai", "provincia": "Cagliari", "istat": "118041"}, "geometry": {"type": "Polygon", "coordinates": [[[9.029, 39.529], [9.05, 39.488], [9.098, 39.459], [9.084, 39.448], [9.059, 39.448], [9.008, 39.478], [9.015, 39.491], [9.007, 39.528], [9.029, 39.529]]]}}, {"type": "Feature", "properties": {"comune": "San Basilio", "provincia": "Cagliari", "istat": "118042"}, "geometry": {"type": "Polygon", "coordinates": [[[9.246, 39.538], [9.253, 39.511], [9.245, 39.484], [9.163, 39.5], [9.169, 39.546], [9.207, 39.555], [9.246, 39.538]]]}}, {"type": "Feature", "properties": {"comune": "San Nicolò Gerrei", "provincia": "Cagliari", "istat": "118043"}, "geometry": {"type": "Polygon", "coordinates": [[[9.348, 39.499], [9.316, 39.449], [9.273, 39.425], [9.241, 39.451], [9.253, 39.506], [9.303, 39.51], [9.35, 39.537], [9.34, 39.51], [9.348, 39.499]]]}}, {"type": "Feature", "properties": {"comune": "San Sperate", "provincia": "Cagliari", "istat": "118044"}, "geometry": {"type": "Polygon", "coordinates": [[[8.993, 39.382], [9.052, 39.357], [9.06, 39.341], [9.006, 39.327], [8.975, 39.343], [8.993, 39.382]]]}}, {"type": "Feature", "properties": {"comune": "San Vito", "provincia": "Cagliari", "istat": "118045"}, "geometry": {"type": "Polygon", "coordinates": [[[9.563, 39.426], [9.551, 39.421], [9.542, 39.401], [9.56, 39.393], [9.57, 39.36], [9.555, 39.344], [9.532, 39.335], [9.527, 39.315], [9.509, 39.319], [9.497, 39.311], [9.45, 39.262], [9.443, 39.294], [9.428, 39.308], [9.455, 39.323], [9.47, 39.359], [9.449, 39.37], [9.453, 39.382], [9.441, 39.396], [9.415, 39.404], [9.41, 39.424], [9.441, 39.439], [9.44, 39.449], [9.475, 39.457], [9.471, 39.5], [9.479, 39.524], [9.505, 39.531], [9.546, 39.509], [9.56, 39.529], [9.557, 39.547], [9.606, 39.523], [9.564, 39.495], [9.566, 39.47], [9.553, 39.446], [9.563, 39.426]]]}}, {"type": "Feature", "properties": {"comune": "Sant'Andrea Frius", "provincia": "Cagliari", "istat": "118046"}, "geometry": {"type": "Polygon", "coordinates": [[[9.245, 39.484], [9.249, 39.472], [9.242, 39.46], [9.241, 39.468], [9.213, 39.467], [9.184, 39.447], [9.161, 39.454], [9.122, 39.484], [9.126, 39.492], [9.147, 39.487], [9.163, 39.5], [9.245, 39.484]]]}}, {"type": "Feature", "properties": {"comune": "Sarroch", "provincia": "Cagliari", "istat": "118047"}, "geometry": {"type": "Polygon", "coordinates": [[[9.024, 39.02], [8.962, 39.062], [8.904, 39.086], [8.887, 39.111], [8.906, 39.114], [8.922, 39.102], [9.009, 39.121], [9.017, 39.087], [9.024, 39.082], [9.037, 39.088], [9.049, 39.089], [9.054, 39.085], [9.025, 39.081], [9.046, 39.056], [9.024, 39.02]]]}}, {"type": "Feature", "properties": {"comune": "Selargius", "provincia": "Cagliari", "istat": "118048"}, "geometry": {"type": "Polygon", "coordinates": [[[9.179, 39.272], [9.178, 39.258], [9.155, 39.244], [9.14, 39.273], [9.123, 39.284], [9.115, 39.275], [9.124, 39.262], [9.108, 39.25], [9.098, 39.282], [9.128, 39.309], [9.131, 39.324], [9.179, 39.272]]]}}, {"type": "Feature", "properties": {"comune": "Selegas", "provincia": "Cagliari", "istat": "118049"}, "geometry": {"type": "Polygon", "coordinates": [[[9.13, 39.601], [9.114, 39.542], [9.086, 39.554], [9.088, 39.579], [9.07, 39.607], [9.13, 39.601]]]}}, {"type": "Feature", "properties": {"comune": "Senorbì", "provincia": "Cagliari", "istat": "118050"}, "geometry": {"type": "Polygon", "coordinates": [[[9.169, 39.546], [9.163, 39.5], [9.147, 39.487], [9.123, 39.493], [9.108, 39.516], [9.109, 39.541], [9.12, 39.536], [9.135, 39.553], [9.154, 39.553], [9.152, 39.565], [9.168, 39.582], [9.177, 39.565], [9.161, 39.554], [9.169, 39.546]]]}}, {"type": "Feature", "properties": {"comune": "Serdiana", "provincia": "Cagliari", "istat": "118051"}, "geometry": {"type": "Polygon", "coordinates": [[[9.222, 39.462], [9.213, 39.424], [9.183, 39.393], [9.167, 39.39], [9.159, 39.402], [9.131, 39.392], [9.137, 39.383], [9.17, 39.379], [9.142, 39.352], [9.15, 39.342], [9.134, 39.333], [9.079, 39.353], [9.119, 39.394], [9.114, 39.412], [9.136, 39.423], [9.155, 39.418], [9.179, 39.427], [9.184, 39.447], [9.212, 39.467], [9.222, 39.462]]]}}, {"type": "Feature", "properties": {"comune": "Serri", "provincia": "Cagliari", "istat": "118052"}, "geometry": {"type": "Polygon", "coordinates": [[[9.172, 39.736], [9.166, 39.724], [9.178, 39.691], [9.17, 39.667], [9.147, 39.678], [9.152, 39.685], [9.134, 39.706], [9.101, 39.712], [9.172, 39.736]]]}}, {"type": "Feature", "properties": {"comune": "Sestu", "provincia": "Cagliari", "istat": "118053"}, "geometry": {"type": "Polygon", "coordinates": [[[9.134, 39.333], [9.126, 39.307], [9.08, 39.271], [9.028, 39.332], [9.081, 39.353], [9.134, 39.333]]]}}, {"type": "Feature", "properties": {"comune": "Settimo San Pietro", "provincia": "Cagliari", "istat": "118054"}, "geometry": {"type": "Polygon", "coordinates": [[[9.187, 39.328], [9.184, 39.313], [9.202, 39.287], [9.179, 39.271], [9.131, 39.324], [9.15, 39.342], [9.154, 39.33], [9.187, 39.328]]]}}, {"type": "Feature", "properties": {"comune": "Siliqua", "provincia": "Cagliari", "istat": "118056"}, "geometry": {"type": "Polygon", "coordinates": [[[8.71, 39.363], [8.861, 39.315], [8.873, 39.302], [8.842, 39.262], [8.848, 39.23], [8.861, 39.23], [8.855, 39.181], [8.838, 39.148], [8.771, 39.179], [8.751, 39.224], [8.74, 39.28], [8.722, 39.283], [8.716, 39.31], [8.701, 39.322], [8.71, 39.363]]]}}, {"type": "Feature", "properties": {"comune": "Silius", "provincia": "Cagliari", "istat": "118057"}, "geometry": {"type": "Polygon", "coordinates": [[[9.331, 39.56], [9.337, 39.527], [9.303, 39.51], [9.255, 39.506], [9.246, 39.538], [9.265, 39.554], [9.302, 39.559], [9.314, 39.575], [9.331, 39.56]]]}}, {"type": "Feature", "properties": {"comune": "Sinnai", "provincia": "Cagliari", "istat": "118058"}, "geometry": {"type": "MultiPolygon", "coordinates": [[[[9.477, 39.186], [9.474, 39.16], [9.439, 39.122], [9.403, 39.145], [9.429, 39.181], [9.477, 39.186]]], [[[9.405, 39.317], [9.443, 39.294], [9.446, 39.268], [9.465, 39.24], [9.437, 39.233], [9.418, 39.244], [9.397, 39.242], [9.383, 39.273], [9.338, 39.276], [9.31, 39.298], [9.261, 39.285], [9.25, 39.303], [9.206, 39.284], [9.184, 39.313], [9.189, 39.329], [9.243, 39.348], [9.267, 39.376], [9.281, 39.413], [9.369, 39.423], [9.37, 39.396], [9.331, 39.35], [9.366, 39.315], [9.405, 39.317]]]]}}, {"type": "Feature", "properties": {"comune": "Siurgus Donigala", "provincia": "Cagliari", "istat": "118059"}, "geometry": {"type": "Polygon", "coordinates": [[[9.194, 39.642], [9.205, 39.627], [9.238, 39.623], [9.255, 39.607], [9.272, 39.612], [9.295, 39.603], [9.27, 39.59], [9.246, 39.538], [9.207, 39.555], [9.163, 39.549], [9.176, 39.569], [9.144, 39.614], [9.194, 39.642]]]}}, {"type": "Feature", "properties": {"comune": "Soleminis", "provincia": "Cagliari", "istat": "118060"}, "geometry": {"type": "Polygon", "coordinates": [[[9.222, 39.343], [9.187, 39.328], [9.154, 39.33], [9.142, 39.352], [9.162, 39.37], [9.162, 39.35], [9.222, 39.343]]]}}, {"type": "Feature", "properties": {"comune": "Suelli", "provincia": "Cagliari", "istat": "118061"}, "geometry": {"type": "Polygon", "coordinates": [[[9.137, 39.615], [9.167, 39.582], [9.152, 39.565], [9.154, 39.553], [9.135, 39.553], [9.117, 39.535], [9.113, 39.557], [9.137, 39.615]]]}}, {"type": "Feature", "properties": {"comune": "Ussana", "provincia": "Cagliari", "istat": "118063"}, "geometry": {"type": "Polygon", "coordinates": [[[9.084, 39.448], [9.12, 39.397], [9.085, 39.357], [9.056, 39.401], [9.063, 39.448], [9.084, 39.448]]]}}, {"type": "Feature", "properties": {"comune": "Uta", "provincia": "Cagliari", "istat": "118064"}, "geometry": {"type": "Polygon", "coordinates": [[[8.951, 39.306], [8.992, 39.27], [8.975, 39.251], [8.986, 39.219], [8.971, 39.212], [8.976, 39.187], [8.962, 39.185], [8.943, 39.203], [8.906, 39.157], [8.838, 39.148], [8.855, 39.181], [8.861, 39.231], [8.876, 39.245], [8.89, 39.287], [8.951, 39.306]]]}}, {"type": "Feature", "properties": {"comune": "Vallermosa", "provincia": "Cagliari", "istat": "118065"}, "geometry": {"type": "Polygon", "coordinates": [[[8.79, 39.406], [8.781, 39.391], [8.814, 39.37], [8.843, 39.374], [8.85, 39.352], [8.822, 39.327], [8.725, 39.353], [8.699, 39.375], [8.757, 39.405], [8.79, 39.406]]]}}, {"type": "Feature", "properties": {"comune": "Villa San Pietro", "provincia": "Cagliari", "istat": "118066"}, "geometry": {"type": "Polygon", "coordinates": [[[8.886, 39.107], [8.904, 39.086], [8.962, 39.062], [9.019, 39.023], [8.949, 39.033], [8.879, 39.081], [8.85, 39.088], [8.851, 39.101], [8.886, 39.107]]]}}, {"type": "Feature", "properties": {"comune": "Villanova Tulo", "provincia": "Cagliari", "istat": "118067"}, "geometry": {"type": "Polygon", "coordinates": [[[9.166, 39.833], [9.209, 39.823], [9.234, 39.758], [9.214, 39.762], [9.18, 39.75], [9.169, 39.756], [9.158, 39.787], [9.166, 39.833]]]}}, {"type": "Feature", "properties": {"comune": "Villaputzu", "provincia": "Cagliari", "istat": "118068"}, "geometry": {"type": "MultiPolygon", "coordinates": [[[[9.658, 39.525], [9.658, 39.524], [9.658, 39.525], [9.658, 39.525]]], [[[9.659, 39.525], [9.659, 39.524], [9.658, 39.525], [9.659, 39.525]]], [[[9.508, 39.628], [9.51, 39.61], [9.526, 39.603], [9.524, 39.589], [9.554, 39.574], [9.604, 39.571], [9.651, 39.549], [9.64, 39.542], [9.632, 39.507], [9.645, 39.461], [9.621, 39.413], [9.593, 39.431], [9.563, 39.426], [9.553, 39.446], [9.566, 39.47], [9.564, 39.495], [9.606, 39.523], [9.557, 39.547], [9.56, 39.529], [9.546, 39.509], [9.505, 39.531], [9.479, 39.524], [9.495, 39.535], [9.498, 39.551], [9.488, 39.549], [9.447, 39.576], [9.431, 39.609], [9.417, 39.617], [9.441, 39.641], [9.471, 39.635], [9.486, 39.617], [9.508, 39.628]]]]}}, {"type": "Feature", "properties": {"comune": "Villasalto", "provincia": "Cagliari", "istat": "118069"}, "geometry": {"type": "Polygon", "coordinates": [[[9.479, 39.524], [9.471, 39.488], [9.479, 39.463], [9.468, 39.452], [9.44, 39.449], [9.441, 39.439], [9.424, 39.43], [9.298, 39.411], [9.281, 39.413], [9.273, 39.425], [9.316, 39.449], [9.348, 39.499], [9.473, 39.528], [9.476, 39.54], [9.498, 39.551], [9.495, 39.535], [9.479, 39.524]]]}}, {"type": "Feature", "properties": {"comune": "Villasimius", "provincia": "Cagliari", "istat": "118070"}, "geometry": {"type": "MultiPolygon", "coordinates": [[[[9.537, 39.082], [9.536, 39.081], [9.536, 39.082], [9.537, 39.082]]], [[[9.539, 39.083], [9.54, 39.082], [9.54, 39.082], [9.539, 39.083]]], [[[9.541, 39.084], [9.541, 39.083], [9.54, 39.084], [9.541, 39.084]]], [[[9.536, 39.085], [9.537, 39.085], [9.537, 39.084], [9.536, 39.085]]], [[[9.527, 39.085], [9.535, 39.088], [9.534, 39.082], [9.527, 39.085]]], [[[9.604, 39.14], [9.608, 39.138], [9.605, 39.134], [9.604, 39.14]]], [[[9.604, 39.147], [9.603, 39.149], [9.605, 39.148], [9.604, 39.147]]], [[[9.605, 39.15], [9.606, 39.149], [9.605, 39.148], [9.605, 39.15]]], [[[9.605, 39.152], [9.604, 39.151], [9.604, 39.152], [9.605, 39.152]]], [[[9.568, 39.153], [9.556, 39.133], [9.521, 39.118], [9.524, 39.095], [9.502, 39.11], [9.509, 39.122], [9.503, 39.131], [9.442, 39.127], [9.474, 39.16], [9.486, 39.207], [9.53, 39.189], [9.568, 39.153]]]]}}, {"type": "Feature", "properties": {"comune": "Villasor", "provincia": "Cagliari", "istat": "118071"}, "geometry": {"type": "Polygon", "coordinates": [[[9.009, 39.381], [8.993, 39.382], [8.975, 39.343], [8.951, 39.335], [8.945, 39.351], [8.895, 39.357], [8.852, 39.384], [8.832, 39.369], [8.814, 39.37], [8.781, 39.393], [8.792, 39.407], [8.827, 39.415], [8.885, 39.398], [8.929, 39.4], [8.978, 39.422], [9.003, 39.404], [9.009, 39.381]]]}}, {"type": "Feature", "properties": {"comune": "Villaspeciosa", "provincia": "Cagliari", "istat": "118072"}, "geometry": {"type": "Polygon", "coordinates": [[[8.94, 39.325], [8.943, 39.304], [8.866, 39.279], [8.848, 39.23], [8.842, 39.262], [8.873, 39.299], [8.867, 39.307], [8.922, 39.328], [8.94, 39.325]]]}}, {"type": "Feature", "properties": {"comune": "Buggerru", "provincia": "Sulcis Iglesiente", "istat": "119001"}, "geometry": {"type": "Polygon", "coordinates": [[[8.48, 39.373], [8.396, 39.368], [8.379, 39.374], [8.41, 39.418], [8.41, 39.442], [8.426, 39.448], [8.442, 39.444], [8.477, 39.413], [8.473, 39.396], [8.489, 39.386], [8.48, 39.373]]]}}, {"type": "Feature", "properties": {"comune": "Calasetta", "provincia": "Sulcis Iglesiente", "istat": "119002"}, "geometry": {"type": "MultiPolygon", "coordinates": [[[[8.346, 39.077], [8.346, 39.076], [8.345, 39.077], [8.346, 39.077]]], [[[8.426, 39.109], [8.378, 39.026], [8.37, 39.022], [8.351, 39.098], [8.37, 39.114], [8.38, 39.1], [8.426, 39.109]]]]}}, {"type": "Feature", "properties": {"comune": "Carbonia", "provincia": "Sulcis Iglesiente", "istat": "119003"}, "geometry": {"type": "Polygon", "coordinates": [[[8.586, 39.213], [8.607, 39.194], [8.58, 39.146], [8.51, 39.131], [8.494, 39.155], [8.446, 39.165], [8.456, 39.17], [8.456, 39.182], [8.435, 39.21], [8.466, 39.222], [8.462, 39.255], [8.496, 39.261], [8.53, 39.253], [8.551, 39.283], [8.59, 39.273], [8.549, 39.222], [8.586, 39.213]]]}}, {"type": "Feature", "properties": {"comune": "Carloforte", "provincia": "Sulcis Iglesiente", "istat": "119004"}, "geometry": {"type": "MultiPolygon", "coordinates": [[[[8.208, 39.148], [8.208, 39.147], [8.207, 39.148], [8.208, 39.148]]], [[[8.243, 39.167], [8.243, 39.166], [8.241, 39.166], [8.243, 39.167]]], [[[8.262, 39.176], [8.262, 39.175], [8.262, 39.176], [8.262, 39.176]]], [[[8.32, 39.186], [8.318, 39.186], [8.318, 39.187], [8.32, 39.186]]], [[[8.309, 39.188], [8.306, 39.103], [8.279, 39.096], [8.248, 39.108], [8.252, 39.129], [8.221, 39.145], [8.227, 39.161], [8.257, 39.17], [8.267, 39.179], [8.309, 39.188]]], [[[8.32, 39.195], [8.32, 39.189], [8.317, 39.19], [8.32, 39.195]]]]}}, {"type": "Feature", "properties": {"comune": "Domusnovas", "provincia": "Sulcis Iglesiente", "istat": "119005"}, "geometry": {"type": "Polygon", "coordinates": [[[8.617, 39.426], [8.638, 39.384], [8.679, 39.378], [8.664, 39.366], [8.684, 39.317], [8.649, 39.299], [8.624, 39.3], [8.625, 39.343], [8.602, 39.344], [8.566, 39.365], [8.566, 39.399], [8.584, 39.431], [8.617, 39.426]]]}}, {"type": "Feature", "properties": {"comune": "Fluminimaggiore", "provincia": "Sulcis Iglesiente", "istat": "119006"}, "geometry": {"type": "Polygon", "coordinates": [[[8.547, 39.459], [8.583, 39.443], [8.566, 39.376], [8.48, 39.373], [8.489, 39.387], [8.473, 39.395], [8.477, 39.413], [8.461, 39.42], [8.459, 39.432], [8.433, 39.448], [8.393, 39.447], [8.415, 39.466], [8.436, 39.471], [8.452, 39.462], [8.496, 39.483], [8.535, 39.477], [8.547, 39.459]]]}}, {"type": "Feature", "properties": {"comune": "Giba", "provincia": "Sulcis Iglesiente", "istat": "119007"}, "geometry": {"type": "Polygon", "coordinates": [[[8.606, 39.082], [8.656, 39.082], [8.655, 39.053], [8.601, 39.061], [8.586, 39.02], [8.565, 39.045], [8.547, 39.048], [8.584, 39.092], [8.606, 39.082]]]}}, {"type": "Feature", "properties": {"comune": "Gonnesa", "provincia": "Sulcis Iglesiente", "istat": "119008"}, "geometry": {"type": "MultiPolygon", "coordinates": [[[[8.432, 39.305], [8.432, 39.305], [8.432, 39.305], [8.432, 39.305]]], [[[8.494, 39.26], [8.462, 39.255], [8.466, 39.222], [8.435, 39.21], [8.394, 39.249], [8.427, 39.272], [8.437, 39.29], [8.433, 39.308], [8.476, 39.3], [8.494, 39.26]]]]}}, {"type": "Feature", "properties": {"comune": "Iglesias", "provincia": "Sulcis Iglesiente", "istat": "119009"}, "geometry": {"type": "MultiPolygon", "coordinates": [[[[8.426, 39.312], [8.427, 39.312], [8.428, 39.312], [8.426, 39.312]]], [[[8.425, 39.316], [8.424, 39.316], [8.424, 39.316], [8.425, 39.316]]], [[[8.398, 39.335], [8.402, 39.334], [8.398, 39.334], [8.398, 39.335]]], [[[8.624, 39.3], [8.594, 39.275], [8.603, 39.229], [8.593, 39.229], [8.586, 39.213], [8.552, 39.216], [8.562, 39.243], [8.579, 39.253], [8.59, 39.273], [8.551, 39.283], [8.53, 39.253], [8.494, 39.26], [8.476, 39.3], [8.433, 39.308], [8.426, 39.319], [8.419, 39.322], [8.42, 39.333], [8.396, 39.34], [8.389, 39.363], [8.373, 39.375], [8.396, 39.368], [8.558, 39.379], [8.571, 39.359], [8.602, 39.344], [8.625, 39.343], [8.624, 39.3]]], [[[8.691, 39.382], [8.71, 39.363], [8.701, 39.322], [8.684, 39.317], [8.664, 39.367], [8.691, 39.382]]]]}}, {"type": "Feature", "properties": {"comune": "Masainas", "provincia": "Sulcis Iglesiente", "istat": "119010"}, "geometry": {"type": "Polygon", "coordinates": [[[8.647, 39.053], [8.66, 39.04], [8.657, 39.027], [8.624, 39.028], [8.617, 39.017], [8.566, 39.007], [8.576, 39.025], [8.586, 39.02], [8.595, 39.03], [8.601, 39.061], [8.647, 39.053]]]}}, {"type": "Feature", "properties": {"comune": "Musei", "provincia": "Sulcis Iglesiente", "istat": "119011"}, "geometry": {"type": "Polygon", "coordinates": [[[8.731, 39.281], [8.671, 39.282], [8.649, 39.299], [8.701, 39.322], [8.731, 39.281]]]}}, {"type": "Feature", "properties": {"comune": "Narcao", "provincia": "Sulcis Iglesiente", "istat": "119012"}, "geometry": {"type": "Polygon", "coordinates": [[[8.748, 39.232], [8.765, 39.188], [8.738, 39.19], [8.737, 39.169], [8.722, 39.174], [8.693, 39.129], [8.672, 39.143], [8.651, 39.144], [8.635, 39.192], [8.623, 39.197], [8.606, 39.188], [8.594, 39.212], [8.586, 39.213], [8.594, 39.23], [8.637, 39.231], [8.643, 39.219], [8.69, 39.216], [8.748, 39.232]]]}}, {"type": "Feature", "properties": {"comune": "Nuxis", "provincia": "Sulcis Iglesiente", "istat": "119013"}, "geometry": {"type": "Polygon", "coordinates": [[[8.765, 39.188], [8.821, 39.155], [8.82, 39.13], [8.793, 39.116], [8.694, 39.126], [8.714, 39.167], [8.728, 39.176], [8.737, 39.169], [8.738, 39.19], [8.765, 39.188]]]}}, {"type": "Feature", "properties": {"comune": "Perdaxius", "provincia": "Sulcis Iglesiente", "istat": "119014"}, "geometry": {"type": "Polygon", "coordinates": [[[8.651, 39.144], [8.617, 39.128], [8.58, 39.146], [8.596, 39.177], [8.624, 39.197], [8.635, 39.192], [8.651, 39.144]]]}}, {"type": "Feature", "properties": {"comune": "Piscinas", "provincia": "Sulcis Iglesiente", "istat": "119015"}, "geometry": {"type": "Polygon", "coordinates": [[[8.678, 39.094], [8.688, 39.072], [8.681, 39.042], [8.653, 39.041], [8.647, 39.053], [8.655, 39.053], [8.656, 39.082], [8.634, 39.084], [8.659, 39.098], [8.678, 39.094]]]}}, {"type": "Feature", "properties": {"comune": "Portoscuso", "provincia": "Sulcis Iglesiente", "istat": "119016"}, "geometry": {"type": "MultiPolygon", "coordinates": [[[[8.37, 39.2], [8.369, 39.199], [8.369, 39.2], [8.37, 39.2]]], [[[8.357, 39.226], [8.356, 39.226], [8.356, 39.227], [8.357, 39.226]]], [[[8.356, 39.228], [8.355, 39.227], [8.355, 39.229], [8.356, 39.228]]], [[[8.435, 39.21], [8.456, 39.17], [8.434, 39.159], [8.414, 39.172], [8.416, 39.147], [8.399, 39.194], [8.372, 39.209], [8.367, 39.228], [8.394, 39.249], [8.435, 39.21]]]]}}, {"type": "Feature", "properties": {"comune": "San Giovanni Suergiu", "provincia": "Sulcis Iglesiente", "istat": "119017"}, "geometry": {"type": "Polygon", "coordinates": [[[8.55, 39.139], [8.537, 39.117], [8.553, 39.097], [8.567, 39.09], [8.58, 39.094], [8.59, 39.09], [8.584, 39.092], [8.549, 39.044], [8.512, 39.062], [8.517, 39.084], [8.485, 39.086], [8.466, 39.119], [8.44, 39.115], [8.434, 39.159], [8.446, 39.165], [8.494, 39.155], [8.504, 39.132], [8.55, 39.139]]]}}, {"type": "Feature", "properties": {"comune": "Santadi", "provincia": "Sulcis Iglesiente", "istat": "119018"}, "geometry": {"type": "Polygon", "coordinates": [[[8.849, 39.099], [8.853, 39.084], [8.832, 39.047], [8.74, 39.05], [8.696, 39.029], [8.681, 39.042], [8.688, 39.072], [8.678, 39.094], [8.702, 39.126], [8.793, 39.116], [8.82, 39.13], [8.823, 39.118], [8.849, 39.099]]]}}, {"type": "Feature", "properties": {"comune": "Sant'Anna Arresi", "provincia": "Sulcis Iglesiente", "istat": "119019"}, "geometry": {"type": "Polygon", "coordinates": [[[8.656, 39.027], [8.66, 38.999], [8.639, 38.995], [8.613, 38.958], [8.587, 38.956], [8.566, 39.007], [8.617, 39.017], [8.624, 39.028], [8.656, 39.027]]]}}, {"type": "Feature", "properties": {"comune": "Sant'Antioco", "provincia": "Sulcis Iglesiente", "istat": "119020"}, "geometry": {"type": "MultiPolygon", "coordinates": [[[[8.408, 38.863], [8.412, 38.861], [8.409, 38.859], [8.408, 38.863]]], [[[8.452, 38.936], [8.448, 38.936], [8.45, 38.939], [8.452, 38.936]]], [[[8.451, 38.941], [8.45, 38.941], [8.451, 38.942], [8.451, 38.941]]], [[[8.464, 39.082], [8.463, 39.082], [8.464, 39.082], [8.464, 39.082]]], [[[8.438, 39.106], [8.437, 39.105], [8.437, 39.105], [8.438, 39.106]]], [[[8.488, 39.089], [8.517, 39.084], [8.518, 39.065], [8.468, 39.055], [8.453, 39.025], [8.442, 38.968], [8.408, 38.958], [8.371, 39.02], [8.407, 39.085], [8.426, 39.109], [8.456, 39.084], [8.467, 39.057], [8.478, 39.061], [8.488, 39.089]]]]}}, {"type": "Feature", "properties": {"comune": "Tratalias", "provincia": "Sulcis Iglesiente", "istat": "119021"}, "geometry": {"type": "Polygon", "coordinates": [[[8.617, 39.128], [8.599, 39.096], [8.632, 39.083], [8.562, 39.092], [8.537, 39.117], [8.542, 39.135], [8.58, 39.146], [8.617, 39.128]]]}}, {"type": "Feature", "properties": {"comune": "Villamassargia", "provincia": "Sulcis Iglesiente", "istat": "119022"}, "geometry": {"type": "Polygon", "coordinates": [[[8.649, 39.299], [8.671, 39.282], [8.74, 39.28], [8.748, 39.232], [8.69, 39.216], [8.643, 39.219], [8.637, 39.231], [8.603, 39.229], [8.594, 39.275], [8.602, 39.287], [8.623, 39.3], [8.649, 39.299]]]}}, {"type": "Feature", "properties": {"comune": "Villaperuccio", "provincia": "Sulcis Iglesiente", "istat": "119023"}, "geometry": {"type": "Polygon", "coordinates": [[[8.654, 39.145], [8.702, 39.126], [8.678, 39.094], [8.659, 39.098], [8.618, 39.086], [8.599, 39.096], [8.617, 39.128], [8.654, 39.145]]]}}, {"type": "Feature", "properties": {"comune": "Teulada", "provincia": "Sulcis Iglesiente", "istat": "119024"}, "geometry": {"type": "MultiPolygon", "coordinates": [[[[8.825, 38.882], [8.825, 38.881], [8.824, 38.881], [8.825, 38.882]]], [[[8.826, 38.882], [8.827, 38.881], [8.826, 38.882], [8.826, 38.882]]], [[[8.814, 38.892], [8.812, 38.89], [8.814, 38.893], [8.814, 38.892]]], [[[8.766, 38.915], [8.765, 38.914], [8.765, 38.914], [8.766, 38.915]]], [[[8.715, 38.916], [8.716, 38.912], [8.714, 38.913], [8.715, 38.916]]], [[[8.832, 39.047], [8.815, 39.005], [8.827, 38.955], [8.821, 38.949], [8.836, 38.914], [8.835, 38.877], [8.819, 38.895], [8.803, 38.899], [8.802, 38.884], [8.783, 38.898], [8.797, 38.92], [8.791, 38.938], [8.772, 38.935], [8.774, 38.914], [8.72, 38.937], [8.719, 38.926], [8.682, 38.909], [8.665, 38.913], [8.67, 38.897], [8.65, 38.895], [8.658, 38.871], [8.645, 38.864], [8.637, 38.868], [8.647, 38.876], [8.646, 38.894], [8.608, 38.893], [8.623, 38.937], [8.613, 38.958], [8.639, 38.995], [8.66, 38.999], [8.653, 39.025], [8.661, 39.04], [8.681, 39.042], [8.696, 39.029], [8.74, 39.05], [8.832, 39.047]]]]}}]}
